:020000040800F2
:1000000000060020E1020008E3020008E302000805
:10001000E3020008E3020008E3020008E30200082C
:10002000E3020008E3020008E302000899760008F2
:10003000E3020008E3020008E3020008E30200080C
:10004000E3020008E3020008E3020008E3020008FC
:10005000E3020008E3020008A5850008D185000836
:10006000FD8500082986000855860008A546000879
:10007000CD460008F946000825470008514700080A
:1000800079470008A5470008E3020008E3020008DA
:10009000E3020008E3020008E3020008818600088A
:1000A000E3020008E3020008E3020008E30200089C
:1000B000E3020008E3020008E3020008E30200088C
:1000C000E3020008E3020008E3020008E30200087C
:1000D000E3020008E3020008E3020008E30200086C
:1000E000E5860008E3020008E3020008E3020008D6
:1000F000E3020008E3020008E3020008D147000819
:10010000E30200085987000881870008E30200081D
:10011000E3020008E3020008E3020008E30200082B
:10012000FD47000825480008514800087D480008A0
:10013000A9480008E3020008E3020008E3020008FF
:10014000E3020008E3020008E3020008E3020008FB
:10015000D1480008FD48000829490008E3020008CA
:10016000E3020008E3020008E3020008E3020008DB
:10017000E302000885820008E3020008E3020008A9
:10018000E3020008E30200086D870008E3020008AC
:10019000E3020008E3020008E3020008E3020008AB
:1001A000E3020008E3020008E3020008E30200089B
:1001B000E3020008E3020008E3020008E30200088B
:1001C000E3020008E3020008E3020008E30200087B
:1001D000E302000871820008E3020008E30200085D
:1001E000E3020008E3020008E3020008E30200085B
:1001F000E3020008E3020008E3020008E30200084B
:10020000E3020008E3020008E3020008E30200083A
:10021000E3020008E3020008E3020008E30200082A
:10022000E3020008E3020008E3020008E30200081A
:10023000E3020008E3020008E3020008E30200080A
:10024000E3020008E3020008E3020008E3020008FA
:10025000E3020008E3020008E3020008E3020008EA
:10026000E3020008E3020008E3020008E3020008DA
:10027000E3020008E3020008E3020008E3020008CA
:10028000E3020008E3020008E3020008E3020008BA
:10029000E3020008E3020008E3020008E3020008AA
:1002A000E3020008E3020008E3020008E30200089A
:1002B000E3020008E3020008E3020008E30200088A
:1002C000E3020008E3020008E3020008E30200087A
:1002D000E3020008E3020008E3020008E30200086A
:1002E00002E000F000F8FEE772B6374880F30888B5
:1002F000364880F3098836483649086040F20000E5
:10030000CCF200004EF63471CEF200010860BFF36B
:100310004F8FBFF36F8F40F20000C0F2F0004EF637
:100320008851CEF200010860BFF34F8FBFF36F8F8B
:100330004FF00000E1EE100A4EF63C71CEF20001E3
:100340000860062080F31488BFF36F8F07F006FA69
:1003500006F088FB4FF055301F491B4A91423CBFC5
:1003600041F8040BFAE71D49184A91423CBF41F895
:10037000040BFAE71A491B4A1B4B9A423EBF51F83D
:10038000040B42F8040BF8E700201849184A914280
:100390003CBF41F8040BFAE707F01EFA06F0E6FB53
:1003A000144C154DAC4203DA54F8041B8847F9E7A6
:1003B00000F0C4F9114C124DAC4203DA54F8041B9E
:1003C0008847F9E707F006BA00060020002200205F
:1003D0000000000808ED00E00000002000060020FA
:1003E000109C0008002200206C22002070220020B7
:1003F000545E0020E0020008E0020008E00200086D
:10040000E00200082DE9F04F2DED108AC1F80CD064
:10041000D0F80CD0BDEC108ABDE8F08F002383F338
:1004200011882846A047002006F0FEF8FEE706F0F7
:1004300057F800DFFEE7000053B94AB9002908BFAA
:1004400000281CBF4FF0FF314FF0FF3000F074B9AF
:10045000ADF1080C6DE904CE00F006F8DDF804E01B
:10046000DDE9022304B070472DE9F047089D0446FA
:100470008E46002B4DD18A42944669D9B2FA82F257
:1004800052B101FA02F3C2F1200120FA01F10CFA93
:1004900002FC41EA030E94404FEA1C48210CBEFBCB
:1004A000F8F61FFA8CF708FB16E341EA034306FB54
:1004B00007F199420AD91CEB030306F1FF3080F0E3
:1004C0001F81994240F21C81023E63445B1AA4B230
:1004D000B3FBF8F008FB103344EA034400FB07F7D2
:1004E000A7420AD91CEB040400F1FF3380F00A8113
:1004F000A74240F207816444023840EA0640E41B08
:1005000000261DB1D4400023C5E900433146BDE8B3
:10051000F0878B4209D9002D00F0EF800026C5E955
:10052000000130463146BDE8F087B3FA83F6002E6D
:100530004AD18B4202D3824200F2F980841A61EBE5
:10054000030301209E46002DE0D0C5E9004EDDE703
:1005500002B9FFDEB2FA82F2002A40F09280A1EBEB
:100560000C014FEA1C471FFA8CFE0126200CB1FB40
:10057000F7F307FB131140EA01410EFB03F0884239
:1005800008D91CEB010103F1FF3802D2884200F2C6
:10059000CB804346091AA4B2B1FBF7F007FB101158
:1005A00044EA01440EFB00FEA64508D91CEB0404F6
:1005B00000F1FF3102D2A64500F2BB800846A4EB51
:1005C0000E0440EA03409CE7C6F12007B34022FA3C
:1005D00007FC4CEA030C20FA07F401FA06F31C436B
:1005E000F9404FEA1C4900FA06F3B1FBF9F8200C78
:1005F0001FFA8CFE09FB181140EA014108FB0EF0BE
:10060000884202FA06F20BD91CEB010108F1FF3A0D
:1006100080F08880884240F28580A8F10208614419
:10062000091AA4B2B1FBF9F009FB101144EA014127
:1006300000FB0EFE8E4508D91CEB010100F1FF34D2
:100640006CD28E456AD90238614440EA0840A0FB6A
:100650000294A1EB0E01A142C846A64656D353D040
:100660005DB1B3EB080261EB0E0101FA07F722FA64
:1006700006F3F1401F43C5E9007100263146BDE88D
:10068000F087C2F12003D8400CFA02FC21FA03F3F0
:10069000914001434FEA1C471FFA8CFEB3FBF7F071
:1006A00007FB10360B0C43EA064300FB0EF69E4296
:1006B00004FA02F408D91CEB030300F1FF382FD22F
:1006C0009E422DD9023863449B1B89B2B3FBF7F6D7
:1006D00007FB163341EA034106FB0EF38B4208D9B0
:1006E0001CEB010106F1FF3816D28B4214D9023EF1
:1006F0006144C91A46EA004638E72E46284605E70F
:100700000646E3E61846F8E64B45A9D2B9EB0208DF
:1007100064EB0C0E0138A3E74646EAE7204694E76F
:100720004046D1E7D0467BE7023B614432E73046A2
:1007300009E76444023842E7704700BF38B501F06A
:100740008DFA01F04BFC06F0B1FE054606F09AFF6B
:100750000446D0B90F4B9D4219D001339D4241F25E
:10076000883504BF01240025002006F0A9FE0CB145
:1007700000F078F801F0D0FB00F026FD08B100F0A1
:1007800071F8284600F01CF9F9E70025ECE705466A
:10079000EAE700BF010007B008B501F02BFAA0F1AD
:1007A00020035842584108BD07B541F21203022107
:1007B00001A8ADF8043001F03BFA03B05DF804FB8A
:1007C00038B5302383F31188174803680BB106F05E
:1007D0000FF80023154A4FF47A71134805F0FEFF15
:1007E000002383F31188124C236813B12368013B63
:1007F0002360636813B16368013B63600D4D2B7820
:1008000033B963687BB9022001F0F0FA32236360E8
:100810002B78032B07D163682BB9022001F0E6FA8D
:100820004FF47A73636038BD70220020C10700085E
:100830009023002088220020084B187003280CD831
:10084000DFE800F008050208022001F0C5BA022026
:1008500001F0B8BA024B00225A607047882200208B
:1008600090230020F8B5504B504A1C4619680131BE
:1008700000F0998004339342F8D162684C4B9A425D
:1008800040F291804B4B9B6803F1006303F500330A
:100890009A4280F08880002001F006FA0220FFF7DB
:1008A000CBFF454B0021D3F8E820C3F8E810D3F87C
:1008B0001021C3F81011D3F81021D3F8EC20C3F89D
:1008C000EC10D3F81421C3F81411D3F81421D3F881
:1008D000F020C3F8F010D3F81821C3F81811D3F89A
:1008E0001821D3F8802042F00062C3F88020D3F8AA
:1008F000802022F00062C3F88020D3F88020D3F853
:10090000802042F00072C3F88020D3F8802022F0CB
:100910000072C3F88020D3F8803072B64FF0E02325
:10092000C3F8084DD4E90004BFF34F8FBFF36F8FB6
:10093000224AC2F88410BFF34F8F536923F48033E7
:100940005361BFF34F8FD2F8803043F6E076C3F3A4
:10095000C905C3F34E335B0103EA060C29464CEA92
:1009600081770139C2F87472F9D2203B13F1200F5C
:10097000F2D1BFF34F8FBFF36F8FBFF34F8FBFF332
:100980006F8F536923F4003353610023C2F8503250
:10099000BFF34F8FBFF36F8F302383F311888546EA
:1009A00080F308882047F8BD0000020820000208F4
:1009B000FFFF0108002200200044025800ED00E083
:1009C0002DE9F04F93B0B44B2022FF2100900AA8EC
:1009D0009D6801F04BFAB14A1378A3B90121B048E0
:1009E00011700360302383F3118803680BB105F0A5
:1009F000FFFE0023AB4A4FF47A71A94805F0EEFEE2
:100A0000002383F31188009B13B1A74B009A1A604F
:100A1000A64A1378032B03D000231370A24A536015
:100A20004FF0000A009CD3465646D146012001F003
:100A3000D3F924B19C4B1B68002B00F026820020C8
:100A400001F0D8F80390039B002BF2DB012001F0AA
:100A5000B9F9039B213B1F2BE8D801A252F823F0E0
:100A6000E10A0008090B00089D0B00082D0A000888
:100A70002D0A00082D0A00082F0C0008FF0D0008A1
:100A8000190D00087B0D0008A30D0008C90D000812
:100A90002D0A0008DB0D00082D0A00084D0E000885
:100AA000810B00082D0A0008910E0008ED0A0008CD
:100AB000810B00082D0A00087B0D00082D0A000894
:100AC0002D0A00082D0A00082D0A00082D0A00082A
:100AD0002D0A00082D0A00082D0A00089D0B0008A9
:100AE0000220FFF759FE002840F0F981009B022107
:100AF00005A8BAF1000F08BF1C4641F21233ADF849
:100B0000143001F095F891E74FF47A7001F072F823
:100B1000071EEBDB0220FFF73FFE0028E6D0013F77
:100B2000052F00F2DE81DFE807F0030A0D1013360F
:100B30000523042105A8059301F07AF817E00421A4
:100B40005548F9E704215A48F6E704215948F3E7E4
:100B50004FF01C08404608F1040801F0A7F80421F2
:100B6000059005A801F064F8B8F12C0FF2D101202E
:100B70004FF0000900FA07F747EA0B0B5FFA8BFB0F
:100B800001F0C0F926B10BF00B030B2B08BF0024BA
:100B9000FFF70AFE4AE704214748CDE7002EA5D01B
:100BA0000BF00B030B2BA1D10220FFF7F5FD07463D
:100BB00000289BD00120002601F076F80220FFF7E4
:100BC0003BFE1FFA86F8404601F07EF80446B0B1BD
:100BD000039940460136A1F140025142514101F0D2
:100BE00083F80028EDD1BA46044641F212130221DF
:100BF00005A83E46ADF8143001F01AF816E7254670
:100C00000120FFF719FE244B9B68AB4207D9284609
:100C100001F04CF8013040F067810435F3E700251E
:100C2000224BBA463E461D701F4B5D60A8E7002E62
:100C30003FF45CAF0BF00B030B2B7FF457AF02209C
:100C4000FFF7FAFD322000F0D5FFB0F10008FFF603
:100C50004DAF18F003077FF449AF0F4A08EB0503C7
:100C6000926893423FF642AFB8F5807F3FF73EAFC0
:100C7000124BB845019323DD4FF47A7000F0BAFFB0
:100C80000390039A002AFFF631AF039A0137019BC4
:100C900003F8012BEDE700BF002200208C23002089
:100CA00070220020C1070008902300208822002025
:100CB00004220020082200200C2200208C22002088
:100CC000C820FFF769FD074600283FF40FAF1F2D2E
:100CD00011D8C5F120020AAB25F003008449424532
:100CE000184428BF4246019201F09AF8019AFF2168
:100CF0007F4801F0BBF84FEAA803C8F387027C499C
:100D00002846019301F0BAF8064600283FF46DAF7B
:100D1000019B05EB830533E70220FFF73DFD00282B
:100D20003FF4E4AE00F0FEFF00283FF4DFAE002702
:100D3000B846704B9B68BB4218D91F2F11D80A9B2D
:100D400001330ED027F0030312AA134453F8203CBA
:100D500005934046042205A9043701F051F9804665
:100D6000E7E7384600F0A2FF0590F2E7CDF81480DF
:100D7000042105A800F05CFF02E70023642104A819
:100D8000049300F04BFF00287FF4B0AE0220FFF781
:100D900003FD00283FF4AAAE049800F0B9FF0590C7
:100DA000E6E70023642104A8049300F037FF00283D
:100DB0007FF49CAE0220FFF7EFFC00283FF496AED4
:100DC000049800F0A7FFEAE70220FFF7E5FC0028FF
:100DD0003FF48CAE00F0B6FFE1E70220FFF7DCFC49
:100DE00000283FF483AE05A9142000F0B1FF0746A8
:100DF0000421049004A800F01BFF3946B9E7322013
:100E000000F0F8FE071EFFF671AEBB077FF46EAE72
:100E1000384A07EB0903926893423FF667AE022017
:100E2000FFF7BAFC00283FF461AE27F003074F44F8
:100E3000B9453FF4A5AE484609F1040900F036FF74
:100E40000421059005A800F0F3FEF1E74FF47A7055
:100E5000FFF7A2FC00283FF449AE00F063FF002832
:100E600044D00A9B01330BD008220AA9002001F0CC
:100E700005F800283AD02022FF210AA800F0F6FF4A
:100E8000FFF792FC1C4805F0D5FB13B0BDE8F08FCE
:100E9000002E3FF42BAE0BF00B030B2B7FF426AE92
:100EA0000023642105A8059300F0B8FE074600283A
:100EB0007FF41CAE0220FFF76FFC804600283FF451
:100EC00015AEFFF771FC41F2883005F0B3FB0598D1
:100ED00001F062F846463C4601F014F8A6E50646E5
:100EE0004EE64FF0000901E6BA467EE637467CE65C
:100EF0008C22002000220020A08601007047000004
:100F000070470000704700002DE9F04100F5803780
:100F1000044616463B7C5BB9C0681030204400F0A4
:100F20007FFFE5683544B5F5004FE56002D816B19E
:100F3000BDE8F081DEB905F07F0605F11000002163
:100F4000C6F180062044F6B232462E4400F08EFFF1
:100F5000A06804F11008324600F10060414600F537
:100F6000003006F043F830B901233B74E0E74FF45A
:100F700000463546ECE7A26805F1100140463244D0
:100F80002144A260E268521BE26000F049FF0220A7
:100F9000BDE8F04100F02ABF183000F0E9BC0000C5
:100FA00010B5044601F048F8204610BD10B50446BF
:100FB00001F042F8204610BDC0B2A0F14103052B5C
:100FC00002D83738C0B27047A0F16103052B94BF37
:100FD00057383038F6E7000070B504461546084625
:100FE00003220C4900F026FF014688B908346E1C24
:100FF00015F91100FFF7E0FF024616F91100013163
:10100000FFF7DAFF102940EA021004F8010BEFD1D4
:1010100070BD00BFC49100082DE9F04FADF53F7DD4
:101020000746416801222AA802F0E8FE002840F0A5
:1010300087800646824681461125DFF80C81DFF85D
:101040000CB101AB4FF4805241462AA803F036F8A8
:10105000002875D1019AB2F5805F71D8002A65D059
:101060000446019A9442ECD2282D0FD008DC132DAF
:101070002DD01E2D39D0112D13D00134A4B2F0E79C
:10108000322D2DD0372D2FD02D2DF6D13B68121BB0
:1010900008EB040138461B692D259847BDF804402C
:1010A000EBE7121B022A09D9594608EB040000F0AD
:1010B000C1FE18B902342825A4B2DEE718F80430BE
:1010C0003A2B3DD00A2B1CBFA1461325D5E718F8B3
:1010D00004300A2B34D03A2B04BFA2463225CCE789
:1010E00018F80430202BC8D0264618F804300A2BF4
:1010F0001AD1AAEB090208EB090102A811254F2A0F
:1011000028BF4F2208F04AF8A21B08EB060116A8D8
:101110004F2A28BF4F2208F041F83B6816AA02A9BF
:10112000DB6838469847A8E71E25A6E73B6838469F
:1011300004491B69984701200DF53F7DBDE8F08FFC
:101140000020F9E7C692000898230020C891000803
:1011500000F1180110B5044686B00846019100F070
:10116000F1FB2046FFF758FF60B1019902A800F09B
:1011700049FC102204F1080102A807F0CFFFB0FAE1
:1011800080F0400906B010BD70B504460025EEB2EF
:10119000304600F099FD58B100213046013500F08D
:1011A000A3FD08B9002070BD022000F01FFEEEE78D
:1011B0002046FFF731FF0028F4D004F58034207C6E
:1011C00080F00100EFE70000F0B5C9B006F086F945
:1011D00000F04EFF18B90025284649B0F0BD694619
:1011E0002A4803F02DF800284BD1294C204603F063
:1011F00057F8284803F054F8274803F051F82146DF
:10120000224803F0C9F80028E5D1702000F00EFF55
:10121000064610B1214B44600360336830469B683A
:101220009847054600282ED01A4F1948394603F032
:10123000B3F805460028CED1194800F0F7FE044661
:1012400038B1184B4760036000F58033C0E90255A0
:101250001D74236820469B689847054628B10E49AF
:101260000C4803F099F80028B5D1336830465B6824
:1012700098471CB1236820465B68984700F0E0FE61
:10128000AAE70025FAE70446EFE700BFCC91000883
:10129000DC910008F3910008099200082C920008E4
:1012A00014000100489200082DE9F04FD44A8DB097
:1012B0000B68D0F804A001931A440368D14E1A4475
:1012C000D1F81C90DFF8B4C3DFF8B4B3D0E902342E
:1012D000634003EA0A03634013444A6802920AEB3C
:1012E0007363029CC84A2244C468224484688AEA20
:1012F00004051D40654015448A68039203EB35558B
:10130000039CC24A2244846822448AEA03042C4093
:1013100084EA0A041444CA6805EBF43404921644BF
:1013200083EA0502224056445A4032440E6905962B
:1013300004EBB222059FB64E3E441E4485EA0403E8
:1013400013406B4033444E69069602EB7363069F6D
:10135000B04E3E442E4484EA02051D4065403544AB
:101360008E69079603EB3555079FAB4E3E442644E6
:1013700082EA03042C4054403444A84E4E4405EB0A
:10138000F434164483EA050222405A4032440E6A7D
:10139000089604EBB222089FA14E3E441E4485EA03
:1013A000040313406B4033444E6A099602EB7363A7
:1013B000099F9C4ED1F830E03E44D1F83880F34488
:1013C0002E4484EA02051D40654035448E6AA6F528
:1013D000244703EB35550A964F3F274482EA03041E
:1013E0002C4054403C44CF6A0B9705EBF4340B9EE1
:1013F0008D4F3744029E174483EA050222405A402B
:101400003A448A4F774404EBB2221F4485EA04032E
:1014100013406B403B444F6BBC4402EB7363654429
:1014200084EA020C0CEA030C8CEA040C6544DFF835
:1014300054C2C44403EB3555A44482EA03042C404F
:1014400054406444D1F83CC0794905EBF43461441C
:10145000114483EA050222405A400A44754904EBCC
:10146000B2223144079E194484EA02032B406340B0
:101470000B44714902EBF36331440B9E0D4482EA45
:1014800003012140514029446C4D03EBF151354497
:10149000019E254483EA010414405C402C44684DBD
:1014A00001EBB4443544069E154481EA04021A4017
:1014B0004A402A44634D04EB323235440A9E1D44AF
:1014C00084EA02030B4063402B445F4D02EBF3635D
:1014D0003544059E0D4482EA0301214051402944D0
:1014E0005A4D03EBF1516544254483EA010414404D
:1014F0005C402C44564D01EBB4443544099E1544E0
:1015000081EA04021A404A402A44524D04EB323226
:101510003544049E1D4484EA02030B4063402B447F
:101520004D4D02EBF36345440D4482EA0301214033
:1015300051402944494D03EBF1513544089E2C4458
:1015400083EA010515405D402C44454D01EBB44450
:101550003544039E2A4481EA04051D404D402A4437
:10156000404D04EB32323D442B4484EA020593445F
:101570000D4065402B443C4D02EBF3633544069E21
:10158000294482EA0305254055402944374D03EBA1
:10159000F1514D442C4483EA010515405D4025443A
:1015A00001EBB54581EA050404EA03024A405A44C6
:1015B000A6F5B82B089E05EB3232ABF2BE6B544059
:1015C0005B4423442A4C344402EB33730B9E0C449B
:1015D00085EA020159402144264C344403EB715101
:1015E000029E254482EA03044C402544224C444494
:1015F00001EB3545144483EA01026A40224443E08A
:1016000078A46AD7EECEBDC156B7C7E8DB702024F8
:10161000AF0F7CF52AC68747134630A8019546FDD3
:10162000D8988069AFF7448BBED75C892211906B44
:101630002108B44962251EF640B340C0515A5E26C7
:10164000AAC7B6E95D102FD65314440281E6A1D88B
:10165000C8FBD3E7E6CDE121D60737C3870DD5F424
:10166000ED145A4505E9E3A9F8A3EFFCD9026F6729
:1016700081F6718722619D6D0C38E5FD937198FDAF
:101680008A4C2A8D8E4379A6934C344405EB722202
:10169000059E1C4481EA0503534023448F4C344487
:1016A00002EB33730A9E0C4485EA0201594021443F
:1016B0008B4C4C4403EB7151254482EA03044C40AB
:1016C0002C44884D354401EB3444019E154483EA93
:1016D000010262402A44844D3D4404EB72221D44C1
:1016E00081EA040353402B44804D354402EB3373AD
:1016F000049E294484EA02055D4029447C4D35441A
:1017000003EB7151079E254482EA03044C402C44AC
:10171000784D354401EB3444099E2A4483EA01059F
:1017200065401544744A324404EB7525039E134406
:1017300081EA04026A401A44704B734405EB32722A
:101740000B4484EA0501514019446D4B634402EB9C
:1017500071511C4485EA02034B401C44694B3344DD
:1017600001EB3444019E1D4482EA010363402B4493
:10177000654D04EB73233544069E154463EA01026C
:1017800062402A44614D03EBB2624D4462EA0409AF
:1017900029445F4D89EA0309454449442C445D4D81
:1017A00002EBB1513544049E61EA03081D4488EA06
:1017B0000208444401EB744464EA02034B402B44A6
:1017C000554D04EBF323754463EA010E15448EEA8C
:1017D000040E0EEB0502514D03EBB262354462EA92
:1017E000040E29440A9D8EEA030EA5F580164C4D81
:1017F0007144A6F6833602EBB151264461EA030434
:1018000054403444029E01EB7444354464EA0206B9
:101810001D444E407319089E424D04EBF32335449A
:1018200063EA01061544664072193F4D03EBB2624C
:10183000654462EA040629443C4D5E403144079EFB
:1018400002EBB151354461EA03062C44384D564051
:101850003D443444059E1D4401EB744464EA020394
:101860004B402B44334D04EBF32335440B9E15447E
:1018700063EA010262402A442F4D03EBB262354411
:10188000039E0D4462EA0401594029442B4D02EBAA
:10189000B15135442A4E254461EA030454402C4496
:1018A000099D01EB74442E4464EA02051E4485EA56
:1018B00001039D1903681A440AEB040303EBF523A3
:1018C0000260436083681C44C36819448460C1603B
:1018D0000DB0BDE8F08F00BF44EABEA4A9CFDE4B37
:1018E000604BBBF670BCBFBEC67E9B28FA27A1EA40
:1018F0008530EFD4051D880439D0D4D9E599DBE6CD
:10190000F87CA21F6556ACC4442229F497FF2A43F1
:10191000A72394AB39A093FCC3595B6592CC0C8F81
:10192000D15D84854F7EA86FE0E62CFE144301A3B1
:10193000A111084E827E53F735F23ABDBBD2D72AA9
:1019400091D386EB094B036003F18833436003F1C5
:101950002943A3F59613A3F68B638360A3F1883321
:10196000C3600023C0E90433704700BF012345670B
:101970002DE9F8431446026905460E46E300C2F31A
:10198000C50800F118079B18036122BF43690133A2
:10199000436112F4FC7F436903EB5473436114D039
:1019A000C8F1400907EB08004C4504D22246BDE8C7
:1019B000F84307F0C3BB403C4A464E4407F0BEFB29
:1019C000444439462846FFF76FFCA04606EB04095D
:1019D000B8F13F0FA9EB08010AD94022384607F0B9
:1019E000ADFB39462846A8F14008FFF75DFCEFE75C
:1019F000A1096FF03F02384602FB014206EB81115C
:101A0000D5E7000070B50B6901F1180506460C46D4
:101A1000C3F3C503EA18501C8022EA54C3F13F0205
:101A2000072A1FD8002100F021FA29462046FFF797
:101A30003BFC38220021284600F018FA2369294689
:101A40002046236563696365FFF72EFC214610225B
:101A5000304607F073FB204658220021BDE8704055
:101A600000F004BAC3F137020021E5E72DE9F84F91
:101A70004FF47A7306460D46002402FB03F7DFF8A5
:101A80005080DFF8509098F900305FFA84FA5A1CC1
:101A900001D0A34212D159F824002A4631460368E6
:101AA000D3F820B03B46D847854207D1074B0120E9
:101AB00083F800A0BDE8F88F0124E4E7002CFBD0F8
:101AC0004FF4FA7004F0B6FD0020F3E7DC33002099
:101AD000102200201422002000232DE9F0471A468E
:101AE000054688460120194602F0C6FF04468020BC
:101AF00005F09AFB0746002861D0002C5FD03B4ED2
:101B000028464FF0800A736943F0C0637361D6F8CA
:101B1000143143F0C063C6F8143105F007FA05EB41
:101B2000080200FB05F34FF4D06C50434FF03D0E1C
:101B3000834233D23269520143D4D6F81021510185
:101B40003FD4216803F100628A602268D76022686E
:101B5000C2F804A02268C2F800C0D4F80090D9F8F6
:101B6000002042F00102C9F80020D4F80090D9F812
:101B7000002022F01E02C9F80020D4F80090D9F805
:101B80000020D207FBD494F80C90803361680EFAE1
:101B900009F20A60CCE7002005F0A6FA204602F020
:101BA000ABFF384605F07CFB104B5A6942F0C0622F
:101BB0005A61D3F8142142F0C062C3F81421BDE881
:101BC000F0870B4B9A6A42F400729A629A6A42F466
:101BD00000429A6261B60026012005F085FAB04500
:101BE000D9D9A819013605F0B9F9F8E70020005253
:101BF00000ED00E0002307B5024601210DF10700CA
:101C00008DF80730FFF732FF20B19DF8070003B0D1
:101C10005DF804FB4FF0FF30F9E700000A460421AD
:101C200008B5FFF723FF80F00100C0B2404208BDB5
:101C3000074B0A4630B41978064B53F82140014649
:101C400023682046DD69044BAC4630BC604700BFCA
:101C5000DC33002014220020A086010070B5104C57
:101C60000025104E05F066F92080306823888342F5
:101C70000CD800252088013805F058F92388054440
:101C8000013BB5F5802F2380F4D370BD05F04EF9EC
:101C9000336805440133B5F5003F3360E5D3E8E729
:101CA000DE3300209833002005F01EBA00F10060FA
:101CB00000F500300068704700F10060920000F508
:101CC000003005F093B90000054B1A68054B1B88DE
:101CD0009B1A834202D9104405F028B900207047AE
:101CE00098330020DE33002038B50446074D29B173
:101CF00028682044BDE8384005F030B92868204401
:101D000005F01AF90028F3D038BD00BF9833002041
:101D10000020704700F1FF5000F58F10D0F8000848
:101D200070470000064991F8243033B1002308229F
:101D3000086A81F82430FFF7BFBF0120704700BF59
:101D40009C330020014B1868704700BF0010005CF6
:101D5000194B01380322084470B51D68174BC5F3B1
:101D60000B042D0C1E88A6420BD15C680A46013C70
:101D7000824213460FD214F9016F4EB102F8016B83
:101D8000F6E7013A03F10803ECD181420B4602D297
:101D90002C2203F8012B0424094A1688AE4204D1F0
:101DA000984284BF967803F8016B013C02F104026B
:101DB000F3D1581A70BD00BF0010005C1C22002037
:101DC00088920008022803D1024B4FF000729A61FA
:101DD000704700BF00100258022803D1024B4FF495
:101DE00000729A61704700BF00100258022804D1A7
:101DF000024A536983F4007353617047001002581C
:101E000070B504464FF47A764CB1412C254628BF74
:101E1000412506FB05F0641B04F00CFCF4E770BDE3
:101E2000002310B5934203D0CC5CC4540133F9E7CE
:101E300010BD0000013810B510F9013F3BB191F918
:101E400000409C4203D11AB10131013AF4E71AB1C2
:101E500091F90020981A10BD1046FCE7034602468F
:101E6000D01A12F9011B0029FAD170470244034627
:101E7000934202D003F8011BFAE770472DE9F843BB
:101E80001F4D14460746884695F8242052BBDFF8BC
:101E900070909CB395F824302BB92022FF2148463E
:101EA0002F62FFF7E3FF95F824004146C0F10802D6
:101EB00005EB8000A24228BF2246D6B29200FFF76F
:101EC000AFFF95F82430A41B17441E449044E4B29D
:101ED000F6B2082E85F82460DBD1FFF723FF002837
:101EE000D7D108E02B6A03EB82038342CFD0FFF700
:101EF00019FF0028CBD10020BDE8F8830120FBE7C3
:101F00009C330020024B1A78024B1A70704700BFB6
:101F1000DC3300201022002038B51A4C1A4D204620
:101F200003F090FE2946204603F0B8FE2D684FF4DA
:101F30007A70D5F89020D2F8043843F00203C2F842
:101F40000438FFF75DFF1149284603F0B5FFD5F8C7
:101F500090200F4DD2F80438286823F002030D4971
:101F6000A042C2F804384FF4E1330B6001D003F013
:101F7000C7FD6868A04204D00649BDE8384003F0B8
:101F8000BFBD38BD38400020849A00088C9A0008F4
:101F900014220020C43300200C4B70B50C4D0446B5
:101FA0001E780C4B55F826209A420DD00A4B002182
:101FB00018221846FFF75AFF0460014655F826001C
:101FC000BDE8704003F09CBD70BD00BFDC33002055
:101FD0001422002038400020C433002008B571B618
:101FE000054B1988054B1888FFF776FD02210E2056
:101FF000FFF772FD61B608BDDE3300209833002084
:1020000030B50A44084D91420DD011F8013B5840BB
:10201000082340F30004013B2C4013F0FF0384EA43
:102020005000F6D1EFE730BD2083B8ED01218842A2
:1020300038BF084605F030B908B105F031B970472E
:1020400010B5084C01220849002001F0B3FE2378A6
:102050003BB1064803F0CCFC044803F0FFFC00232E
:10206000237010BDE033002098920008C036002095
:102070001D482DE9F041036D2BB901224FF4805129
:10208000503005F051FA194E33780BB1FFF7D8FFF5
:102090000324174F4FF00008134D15492846C7F881
:1020A000048003F0CDFC284603F006FB48B1013C58
:1020B000284603F0D3FC14F0FF04EED12046347020
:1020C0000FE00C4901220C4801F074FE014618B1E2
:1020D000284603F08DFCEAE7084800F011F80120DB
:1020E0003070BDE8F08100BFC0360020E033002032
:1020F0003422002098920008E43300209C920008CB
:102100000FB4002004B070470068704703460068B1
:10211000596870470B0A017043700B0C090E8370ED
:10212000C1707047110A027003714170110C120ED8
:102130008170C2701A0A42711A0C1B0E8271C3712F
:1021400070470000C36A0239023B8B4283BF438958
:10215000006C01FB0300002070470000C2F307235E
:102160008A76CB760378032B01BF120C0A75120A0C
:102170004A75704700F10B010022D30143EA520374
:1021800010F8012B52FA83F38842DAB2F5D11046E7
:102190007047000010B54178044600200131024626
:1021A0004901022A16BFA35C032203EBC03302F1EC
:1021B00001021EBF9BB203EB500398B29142F0D8CC
:1021C00010BD000002684AB1134613F8011B1F2915
:1021D0000DD93A29F9D1911C8B4202D04FF0FF3032
:1021E00070471278302AF9D1036000207047014B04
:1021F000187870473036002038B50D46044618B9B7
:10220000092000232B6038BD0368002BF8D01A7812
:10221000002AF5D08188DA889142F1D1587804F00B
:10222000A5FB10F00100EBD12368EBE738B50D46B4
:1022300040F25231144602F0B9F9FF2807D9012CB7
:102240000BD9030A022468702B70204638BD30B1C8
:10225000002CFAD001242870F7E70024F5E70446A3
:10226000F3E700002DE9F8430026D0F8008005468A
:102270000C468E76836B002B4AD098F80030042BE6
:102280004BD133463546402720E0B7F5187F80F024
:10229000C480F90606F1010608BF0237D05B023799
:1022A0002BB900F5205292B2B2F5006F0DD305F1B3
:1022B0001A01C5F1FF0240EA03402144FFF7B6FFCF
:1022C000002800F0AA80054400200346D8F810201A
:1022D00092F82310B142D8D8002B40F09E80002DF8
:1022E00000F09B8000232544AB766373D8F8102060
:1022F000137903F03701DB0621730BD402F13800A8
:10230000FFF704FFC4E9000193896381D389238126
:10231000BDE8F88300200146F4E7C36C01335ED1C9
:10232000EA6B00232E26551E184615F8011F0130B2
:1023300020290CD0052908BFE521092804D10B2B41
:102340009EBFE71801337E73E718013379730B28BA
:10235000EBD1E11800204873A17E00294BD1002B5E
:1023600040D06FF00C0604F10D000825361B331821
:1023700010F8011B002938D02E298BB24AD0A3F1C6
:102380004101192903D8117B0D4200D0203303737A
:10239000EDE7B9F1000F05D100F520539BB2B3F57D
:1023A000006F0BD307F11A01C7F1FF0240EA0940A1
:1023B0002144FFF73BFF48B1074400200236814625
:1023C000D8F80C30985B0028E3D13846B9F1000FFB
:1023D0004FF0000218BF002023189A76A0E7B146FC
:1023E0003746EDE73F23A376012323440021997666
:1023F000137B03B96373D37A02F11C0003F03F032C
:1024000023730023FFF780FE20606360D38A63811B
:10241000138B7CE710250B46B9E73F230125A376F4
:1024200060E7000038B50546002435F8020B08B90E
:10243000204638BD02F0EEF86308C2B203EBC433A5
:1024400012FA83F39AB2C0F3072303EB520303EBB0
:10245000C2339CB2E9E7000037B5C37804461BB924
:102460000025284603B030BD00F14C01826C0123E9
:102470004078019104F0A0FA054680B9A36BE070A2
:10248000A06C226BC31A9342EAD2A3780199022B63
:10249000E6D102440123607804F08EFAE1E70125D9
:1024A000DFE7000038B5836C05460C468B4210D040
:1024B000FFF7D2FF60B92246012305F14C0168788D
:1024C00004F056FA00281CBF4FF0FF340120AC6422
:1024D00038BD0020FCE7000038B500230446C37077
:1024E0004FF0FF338364FFF7DDFF00284BD1B4F8D2
:1024F0004A524AF655239D4207D10B22254904F141
:102500004C0006F00BFE00283FD094F84C30EB2B2B
:1025100003D01833DBB2012B2ED84AF655239D4247
:1025200006D108221C4904F19E0006F0F7FD48B3CD
:10253000B4F85730B3F5007F1ED194F85930DBB1B1
:102540005A1E1A4218D1B4F85A30ABB194F85C3024
:10255000013B012B10D8B4F85D306BB1B4F85F309B
:102560007F2B06D804F16C00FFF7CEFDB0F5803F5D
:1025700002D3B4F8623053B94AF6552085420CBFF5
:102580000220032038BD0420FCE70120FAE70020E8
:10259000F8E700BFC8920008D492000802392DE97C
:1025A000F04701F007044FF0010A466C05460AFAAD
:1025B00004F41746984606EB1136C1F3C809E4B295
:1025C000314628460136FFF76DFF18B10120BDE8FE
:1025D000F087994605EB090292F84C30234214BF6C
:1025E00001210021414513D06340013F82F84C3066
:1025F00085F803A0EBD0640014F0FF04EAD109F1E0
:10260000010301244FF00009B3F5007FE1D1D7E7C2
:102610000220DCE701290246F8B50C4640F28C8026
:102620000668F36A8B4240F287803378013B032BC4
:1026300000F28280DFE803F00229384B04EB5405F6
:10264000B16B304601EB5521FFF72CFF10B14FF075
:10265000FF30F8BD6F1CC5F30805B16B304635443B
:1026600001EB572195F84C50FFF71CFF0028EED1E5
:10267000C7F30807E3073E4496F84C0045EA0020FC
:102680004CBF0009C0F30B00E3E7B16B304601EB30
:102690001421FFF707FF0028D9D1640004F4FF7468
:1026A0002644B6F84C00D4E7B16B304601EBD411A8
:1026B000FFF7F8FE0028CAD1A40006F14C0004F48C
:1026C000FE742044FFF720FD20F07040C1E7D0E900
:1026D0000430D57953EA000101D0916801B95DBB9E
:1026E0009168022DA4EB01010DD1013B728940F1EB
:1026F000FF305B0A43EAC053B3FBF2F399421BD8A5
:102700001CD0601CA5E7032D02D193698B42F8D839
:10271000D3699BB9B16B304601EBD411FFF7C2FE10
:10272000002894D1A0004C3600F4FE703044FFF72E
:10273000EBFC20F000408CE701208AE76FF00040BE
:1027400087E70000F8B5066804460D463378042B89
:102750000CBF4FF080524FF400128A4201D8022081
:10276000F8BDCA06FBD182680163D2B9022B13D827
:102770003389B3EB551FF2D9F36BA363A36B626389
:10278000002BECD003EB55234C36C5F30805002095
:10279000A3633544E563E3E7F36BC271002BE7D035
:1027A0001A4677897F02BD42114604D23046FFF7B0
:1027B000C9FCA063E2E72046FFF72CFF431C02465A
:1027C00006D00128CBD9F36A8342C8D9ED1BEAE7CA
:1027D0000120C5E701292DE9F04706460C461746BA
:1027E00008D9C36A8B4205D90378022B62D003D87B
:1027F000012B22D0022552E0033B012BFAD8816B3A
:1028000001EBD411FFF74EFE0546002847D1A40086
:1028100006F14C0304F4FE741C443378042B07D0F7
:10282000204627F07047FFF76FFC00F07040074329
:1028300039462046FFF76EFC2FE001EB5108816B13
:1028400001EB5821FFF72EFE054640BB14F00104B2
:1028500006F14C0908F1010AC8F3080808BFFBB2E9
:1028600030461FBF19F8083003F00F023B0103F098
:10287000F00318BF134309F808300123B16BF3705C
:1028800001EB5A21FFF70EFE054640B9CAF3080ACC
:1028900044B1C7F3071709F80A700123F3702846FB
:1028A000BDE8F08719F80A30C7F3032723F00F03B8
:1028B0001F43F0E7816B01EB1421FFF7F3FD0546A1
:1028C0000028ECD1640006F14C0304F4FF741F559A
:1028D0001919C7F307274F70DFE70000F8B5044662
:1028E0000E461746E3690BB91846F8BD012BA6EB57
:1028F0000305206814BFAA1C3A46691CFFF76AFF4B
:102900000028F2D1E369013BE361EBE701292DE9FE
:10291000F84306460C461746056802D80220BDE873
:10292000F883EB6A8B42F9D97AB9A1462146304641
:10293000A046FFF76FFE0446B0B92B78042B02D1F6
:10294000002F43D1F7710020E9E72B78042B02D147
:10295000C379022BE9D04FF0FF3239462846FFF702
:1029600039FF0028E1D0DAE70128D7D0421C01D195
:102970000120D4E72B78042B19D1EA6AAB69023A1B
:1029800093421CD308F10102A2420CD02B78042BF5
:1029900008D10023A2EB090249462846FFF7FEFDB5
:1029A0000028BCD1A146EB6AA342BFD8C5E70022EC
:1029B00041462846FFF70EFF0028DED0AFE701337F
:1029C000AB612B7943F001032B71DBE7F3798BB912
:1029D000B468BC4202D10223F371B4E72146304609
:1029E000FFF718FE012899D9431CC1D00134844255
:1029F000EFD0A8E7032BA6D1B368BB42A3D8B26936
:102A00001344BB429FD3E6E770B5C3790446032B5A
:102A100006D181688369CD18A94203D10023E371EF
:102A2000002070BD4E1C20683246FFF7D3FE002800
:102A3000F7D13146F0E700002DE9F7430546019153
:102A4000FFF70AFD0446002849D105F14C09019918
:102A500028464FF40072FFF775FB2146A86407462D
:102A60004846FFF703FA6C896402B4F5004F28BFAB
:102A70004FF40044B4F5007F2FD9204604F014FC35
:102A8000804630B122460021640A0026FFF7EEF9A5
:102A900009E06408EEE72346BA194146687803F076
:102AA0008BFF18B926446B899E42F4D3404604F04C
:102AB0000BFC6889801B18BF012003B0BDE8F083C0
:102AC00001366B899E42F4D20123BA1949466878CF
:102AD00003F072FF0028F3D0EBE70026F1E70120B6
:102AE000EBE70000F8B50446FFF7B6FC0546002802
:102AF00042D12378032B37D12779012F34D104F128
:102B00004C0601464FF400723046FFF7AFF95523EB
:102B10004122722184F84A32AA2304F50D7084F808
:102B20004F2084F84B32522384F8301284F84C3012
:102B300084F84D30612384F8311284F84E3084F8E3
:102B40003332A16984F83222FFF7E4FA616904F5AF
:102B50000E70FFF7DFFA626B3B4631460132607858
:102B6000A26403F029FF257100226078114603F06A
:102B700047FF003818BF0120F8BD000000232DE9F1
:102B8000F0430B6085B00F461546FFF71BFB061E92
:102B9000C0F2B281804B53F82640002C00F0AE8189
:102BA0003C6005F0FE0523786BB1607803F0DEFE33
:102BB000C70708D41DB110F0040500D00A25284627
:102BC00005B0BDE8F0830023F0B22370607003F01D
:102BD000B9FEC10700F194810DB14207EED4002186
:102BE0002046FFF779FC022840F099806E4604F2F7
:102BF000122304F25221324618461033FFF784FAAA
:102C000042F8040B8B42F7D1002556F8041B00292B
:102C10007DD02046FFF760FC012879D80128A26CFE
:102C200040F0C08004F1570304F18C0113F8015BFC
:102C3000002D7BD18B42F9D1B4F8B430B3F5807F4D
:102C400074D194F8B830092B70D104F19400FFF7D7
:102C50005DFA4FF0FF33171841F10001BB4275EBED
:102C6000010363D304F1A000FFF74EFA94F8BA30E1
:102C70002063012BA37059D194F8B99003FA09F994
:102C80001FFA89F36381002B50D0444B04F1A80054
:102C9000FFF73AFA0646984248D8831C626304F16B
:102CA000A400E362FFF730FA00EB020804F19C0095
:102CB000C4F84080FFF728FA10441FFA89F2A06395
:102CC00006FB02F313EB080345EB05029F4271EB91
:102CD00002032BD32E4604F1AC00FFF715FAE06394
:102CE00065B96389B34221D9E16B2046FFF72AFA1F
:102CF00081192046FFF7D6FB98B90136631993F87E
:102D00004C30812B14D02035C5F30805E8E70320AB
:102D10000135042D7FF479AF042807D101E00428A0
:102D200001D101254BE701287FF678AF0D2546E755
:102D300005F1140004F14C063044FFF7E5F90128D1
:102D40000546F3D9E36A8342F0D96189821E236C78
:102D500002FB01336364A16B204601EBD511FFF741
:102D6000A1FB0028DDD105F07F0006EB8000FFF716
:102D7000CBF9431C03D00135A842ECD0D6E704259B
:102D8000C4E90500064A257000251388E561013372
:102D90009BB21380E38012E734360020FDFFFF7FF3
:102DA00038360020B4F85730B3F5007FBED1B4F800
:102DB000626026B904F17000FFF7A6F9064694F8A0
:102DC0005C302663591EA3700129AFD894F859507E
:102DD0006581002DAAD0691E2942A7D1B4F85D8073
:102DE00018F00F0FA4F80880A0D1B4F85F0018B94C
:102DF00004F16C00FFF788F9B4F85A10002995D057
:102E000006FB03FE01EB181CF44460458ED3A0EBD7
:102E10000C00A842B0FBF5F388D33E48834285D826
:102E20004FF6F57083426DD903259F1C114402EBC8
:102E30000C03032DE7626263A16323644CD1B4F8F1
:102E4000763053EA08037FF471AFBB0004F17800D9
:102E5000FFF75AF9E06303F2FF13B6EB532FFFF4C9
:102E600065AF4FF0FF33032DC4E905334FF0800306
:102E7000237187D1B4F87C30012B83D1511C2046BB
:102E8000FFF710FB00287FF47DAFB4F84A224AF622
:102E9000552320719A427FF475AF1F4B04F14C000B
:102EA000FFF732F998427FF46DAF03F1FF5304F559
:102EB0000C70FFF729F903F50053203398427FF493
:102EC00061AF04F50D70FFF71FF9A06104F50E70F6
:102ED000FFF71AF9606155E7B8F1000F3FF426AF2C
:102EE0007144022D4FEA4703E1631EBFD91907F071
:102EF000010303EB5103AEE70B2560E60C255EE60C
:102F000003255CE640F6F575AB428CBF0225012532
:102F10008BE700BFF5FFFF0F525261412DE9F84FDB
:102F200007460568884649B96E69C6B1EB6AB3427F
:102F300098BF0126AB69A3B9002405E0FFF76AFB3F
:102F40000128044603D801242046BDE8F88F421C1E
:102F500000F0D280EB6A8342F6D84646EAE70126C3
:102F6000E8E72A78EB6A042A40F08380A6F1020A97
:102F7000023B4FF0010B9A4528BF4FF0000AD146A3
:102F8000696C284601EB1931FFF78CFA00283BD118
:102F900009F00703EA6AC9F3C8010BFA03F3901EAC
:102FA000DBB26A184C4609F1010992F84C208145C0
:102FB00002EA030233BF5B0000234FF40071DBB26F
:102FC00028BF9946B2B90234631E0333BCD801232B
:102FD000214628461A46FFF7E1FA0228B3D0012815
:102FE00000F08A80B8F1000F13D10223FB71002892
:102FF000A9D130E0CA450AD0002BD2D10131B1F5B8
:10300000007FBDD20123CCE74FF0FF34DCE7002482
:10301000DAE7FB79022B07D1731CA342E7D0BB6828
:10302000F31ABB610323FB7108F10102FB69A242A1
:1030300005D113B10133FB61D9E70223FBE70BB9DB
:103040000123FB61224641463846FFF747FC002832
:103050004FD10123FB61EA6AAB69023A6C6193428A
:103060009CBF03F1FF33AB612B7943F001032B715C
:103070006AE7464514D1741C3846A34298BF02241F
:103080002146FFF7C7FA01283FF45DAF431C33D058
:10309000E0B16B69012B03D9EA6A934238BF1E463F
:1030A00034460134EB6AA34203D8012E7FF644AFC5
:1030B000022421463846FFF7ADFA48B101283FF413
:1030C00042AF013018D0B442EBD135E7002CE7D045
:1030D0004FF0FF3221462846FFF77CFB48B9B8F194
:1030E000000FB8D0224641462846FFF773FB002860
:1030F000B1D001287FF427AF4FF0FF3424E7000060
:103100002DE9F84306680446076B89463378203773
:10311000042B0CBF4FF080534FF40013BB429CBFF5
:1031200000238363836B73B1C7F30808B8F1000F02
:103130003CD10133416B836339B93389B3EB571FFA
:1031400034D80023A36304200AE07389013B13EA07
:1031500057232BD1FFF75EFA0128054602D802203B
:10316000BDE8F883421C01D10120F9E7F36A8342EC
:1031700016D8B9F1000FE4D0616B2046FFF7CEFE00
:103180000546C8B10128EAD0431CEDD001463046BF
:10319000FFF752FC0028E7D1E37943F00403E37121
:1031A000294630466563FEF7CDFFA0634C3600200C
:1031B00027634644E663D3E70720D1E7F8B50E4618
:1031C000002104460768FFF7BDFA98B90546A16BD0
:1031D0003846FFF767F968B93A78E36B042A1B7839
:1031E0000CD11B060ED5054601212046FFF788FFAE
:1031F0000028ECD0042808BF072006E0E52B01D00A
:10320000002BF0D10135B542EED1F8BDC16C4B1C9D
:103210002DE9F04104460568066B1FD1E5274FF004
:103220000108A16B2846FFF73DF998B92A78E36BAE
:10323000042A09BF1A781F7002F07F021A7085F8FD
:103240000380236BB3420DD200212046FFF758FFC5
:103250000028E6D0042808BF022003E0FFF772FA36
:103260000028DBD0BDE8F0812DE9F041054600687B
:10327000A96B0669FFF716F9044620B9EB6B1A78BB
:10328000852A03D002242046BDE8F081324603F1AE
:10329000200153F8040B8B4242F8040BF9D17778E4
:1032A00001377F01A7F16003B3F5007FEAD8002161
:1032B0002846FFF725FF04280446E3D00028E2D182
:1032C000A96B2868FFF7EEF804460028DBD1EB6B0A
:1032D0001A78C02AD6D106F1200203F1200153F852
:1032E000040B8B4242F8040BF9D196F823300F22DD
:1032F0002C33B3FBF2F3B7EB431FC3D34FF04008BB
:1033000000212846FFF7FCFE04280446BAD0002816
:10331000B9D1A96B2868FFF7C5F804460028B2D1D7
:10332000EB6B1A78C12AADD1B8F5187F09D206EB3C
:10333000080203F1200153F8040B8B4242F8040BFE
:10334000F9D108F120084745DAD8B8F5187F9AD89E
:103350003046FEF71FFF7388834294D092E7000047
:103360000B68002210B5036004460B6A83604B6A49
:10337000C261C37123F0FF03896AC0E90432C164EA
:10338000FFF7E0F920B92046BDE81040FFF76CBF19
:1033900010BD0000F8B50368054601271C692046EA
:1033A000FEF7F8FEA070000A6678E0702846E96C27
:1033B000FFF7C8F920B1022828BF0220C0B2F8BD2B
:1033C000A96B2868FFF76EF80028F4D1EB6B04F1C5
:1033D000200254F8041B944243F8041BF9D12B68D3
:1033E000DF70002EE7D000212846013EFFF788FE5F
:1033F000E0E700002DE9F8434FF0FF0806460768B4
:10340000042445464FF6FF79B16B11B9002C73D0F7
:1034100063E03846FFF746F8044600285DD1F06BBC
:103420000378002B6ED03A78042A11D1852B4DD128
:10343000336B3046F364FFF717FF044600284CD186
:103440003B691B7903F03F03B3712046BDE8F88365
:10345000C27AE52B02F03F02B27143D02E2B41D04D
:1034600022F0200108293DD00F2A40D1590637D536
:1034700003F0BF05336B90F80D80F364437B434545
:1034800030D1428B72BB03780D21FC6823F04003DE
:10349000DFF874E0013B4B4301211EF801CB30F80B
:1034A0000CC009B3FF2B1DD824F813C061460133AB
:1034B00001320D2AF1D10278520605D521B1FF2B38
:1034C00010D8002224F81320013DEDB2002130462F
:1034D000FFF716FE0446002896D00023B363B4E736
:1034E000AB42CBD0FF25F1E7CC45E1D0FAE72DB9CF
:1034F000FEF740FE404501D10024A6E74FF0FF3320
:10350000F364A2E70424E8E7709300082DE9F04F84
:10351000002187B00446D0F80090FFF713F98046E9
:1035200070B999F80030042B33D1D9F80C00FEF7AC
:1035300079FF07462046FFF75DFF054620B180462C
:10354000404607B0BDE8F08FD9F810309A8CBA42E7
:10355000F0D193F823B040265D4506D1D9F80C3060
:1035600033F81530002BE5D1EAE7F106D9F8103031
:1035700008BF0236985B01F04DF8D9F80C3082464E
:1035800033F8150001F046F88245D3D102360135F3
:10359000E2E74FF0FF0A4FF0FF3B5546C4F84CB04E
:1035A000A16B4846FEF77EFF00285CD1E66B3778BA
:1035B000002F77D0F27AE52F02F03F03A37103D0FA
:1035C000120704D50F2B04D0C4F84CB04FE00F2BDA
:1035D00054D194F84B3058063FD4790645D5236B27
:1035E00007F0BF0796F80DA0E364737B53453ED107
:1035F000738B002B3BD135780121D9F80C3005F0C5
:103600003F0501930D23013D5D43284B13F8012B2A
:10361000B25A71B3FF2D059329D81046049200F0D9
:10362000F9FF6B1C03900293019B33F8150000F027
:10363000F1FF039981421AD1049A029D1146059B1C
:103640001B4A9342E2D133785A0604D519B1019B43
:1036500033F815305BB97D1EEDB200212046FFF72F
:103660004FFD00289CD080466AE7BD42BDD0FF25B3
:10367000F3E74FF6FF708242E2D0F8E72DB930460B
:10368000FEF778FD50453FF45BAF94F84B30DB0715
:103690009AD40B2204F14001304605F03FFD00288A
:1036A00092D14DE74FF004084AE700BF709300083D
:1036B0007D9300082DE9F04F90F84BB099B0044687
:1036C0001BF0A00540F068810668F26832F81530FA
:1036D000002B4AD13378042B40F087800F230E351E
:1036E0002046B5FBF3F5A91CFFF768FD81460028CD
:1036F00077D1236B0135A3EB4515E3795A07E564D0
:1037000035D523F004032046E371FFF77DF950BB64
:103710004FF0FF32616B2046FFF7E0F818BBA3685B
:103720002BB3214604A8FFF71BFEE0B970894FF4C4
:103730000071D4E90423E0FB01233069C4E90423C8
:103740003830FEF7EFFC3069D4E904232830FEF767
:10375000E9FCE379326904A843F0010382F82130DF
:10376000FFF718FE18B181463BE00135AEE7D6E918
:103770000354402200212046FEF778FB85230121D7
:1037800040222370C0234FF0C10C04EB010884F8E1
:10379000203000231E469E46571C04F802C0F0B29B
:1037A000023204F807E021B135F8131009B10133F2
:1037B000DBB20F0AA15408F802700232D706F2D128
:1037C00035F813700136002FE6D184F82330831CBE
:1037D00028466370FEF726FE84F82400000A84F869
:1037E0002500484619B0BDE8F08F04F140070DF1FF
:1037F000100A1BF0010F97E807008AE8070000F0A5
:10380000D38040234FF0010884F84B30BC46F36866
:10381000B8F1050F9AE80700ACE803002CF8022B7A
:103820004FEA12428CF8002059D9981E424630F8CF
:10383000021F002942D10DF10F0C072102F00F0EDB
:10384000914612090EF13000392888BF0EF1370079
:1038500001390CF8010902D0B9F10F0FEED818ABFD
:103860007E205A1802F8580C38460022914206D0A1
:1038700010F801CB02F1010EBCF1200F31D104F19F
:103880003F0C072902F1010297BF18AB20205818FE
:10389000013198BF10F8580C072A0CF80200F0D933
:1038A0002046FFF733FE8146002878D108F1010851
:1038B000B8F1640FAAD14FF0070992E74FF0100C4E
:1038C00001F0010E49080EEB4202D30344BF82F41B
:1038D000883282F02102BCF1010CF1D1A7E7424607
:1038E000A9E77246C2E7216B2046A1EB4511FEF71E
:1038F00029FF814600287FF474AF4FF6FF783846E1
:10390000FEF738FC0190A16B3046FEF7CBFD8146F7
:1039100000287FF466AFE36BE9B2019A4FF00D0C1B
:10392000D6F80CE05A734FF00F02DFF8E0A0DA721D
:103930004A1E18730CFB02F284469876D8764045EE
:103940001AF8019B0CF1010C18BF3EF8120003EBB2
:10395000090B18BF013203F809004FEA10290028AB
:1039600008BF4046BCF10D0F8BF80190E7D14045F0
:1039700002D03EF812200AB941F04001197001232B
:1039800000212046F370FFF7BBFB814600287FF43F
:1039900028AF013DB7D11BE04FF0060921E704280D
:1039A0007FF41FAF84F84BB01BF0020F20461BBF03
:1039B0000C350D210125B5FBF1F518BF0135294660
:1039C000FFF7FCFB814600287FF40BAF013D8AD155
:1039D000A16B3046FEF766FD814600287FF401AFFB
:1039E00001462022E06BFEF741FAE36B03CF18603B
:1039F0005960BA7839889A72198194F84B30E26B21
:103A000003F0180313730123F370EAE670930008C0
:103A100010B504460A463430FEF776FB886004F1A0
:103A20003800FEF773FBC2E9040194F8213003F07B
:103A30000203D3710023D36110BD000003284B8B18
:103A400004BF8A8A43EA0243184670472DE9F04FC3
:103A50000B7899B0044689462F2BD0F800B001D0DE
:103A60005C2B09D14A461378914601322F2BFAD0AC
:103A70005C2BF8D0002301E0DBF81C30A3600023AE
:103A8000E3619BF80030042B1ED1A368E3B1DBF89F
:103A90002030214604A82362DBF824306362DBF87F
:103AA0002830A362FFF75CFC0346002854D1DBF802
:103AB000102002F13800FEF727FBC4E9040392F856
:103AC000213003F00203E37199F800301F2B00F25C
:103AD000358180230021204684F84B3019B0BDE8A1
:103AE000F04FFEF72FBE49460B78894601312F2B48
:103AF000FAD05C2BF8D01F2B8CBF00250425012F9A
:103B00002FD113882E2B31D1002322F8173004F146
:103B100040029F428CBF2E21202101330B2B02F843
:103B2000011BF6D145F02005204684F84B50FFF7E5
:103B3000EDFC94F84B30002800F0E78004280BD10E
:103B4000990603F0040240F1DC80002A00F0F680C0
:103B50008023002084F84B3019B0BDE8F08F042595
:103B6000CDE7022F02D153882E2BCAD0911E87BBDE
:103B7000002322F81730002F00F0118132F81300D3
:103B8000194601332028F9D009B92E2801D145F072
:103B90000305901E30F817302E2B01D0013FF9D1CC
:103BA0004FF020334FF0000A6364D0462364C4F81A
:103BB00047300823481C32F811600090F6B1202EDF
:103BC00003D02E2E0DD1B84210D045F00305009938
:103BD000F0E731F81730202B01D02E2BC8D1013F50
:103BE000C5E79A4505D20099B9423BD10B2B30D19C
:103BF00001E00B2B27D145F003050B2394F840205F
:103C0000E52A04BF052284F84020082B04BF4FEAB0
:103C100088085FFA88F808F00C030C2B03D008F032
:103C20000303032B01D145F00205A8073FF57CAF44
:103C300018F0010F18BF45F0100518F0040F18BF59
:103C400045F0080570E70099B94202D045F0030538
:103C5000D4D84FEA88080B234FF0080A00975FFA80
:103C600088F8B4E77F2E15D9304640F25231CDE9BD
:103C7000022345F00203019300F098FC10F0800F3E
:103C80000646DDE9022316D000F07F0646498E5D28
:103C9000019D46B331464548CDE9012305F068FA58
:103CA000DDE90123F8B9A6F1410189B219291ED82D
:103CB00048F0020810E0FF28EAD9591E8A4503D3CC
:103CC00045F003059A4682E704EB0A01000A0AF16F
:103CD000010A019D81F8400004EB0A010AF1010A82
:103CE00081F8406073E745F003055F26F4E7A6F12D
:103CF000610189B219299EBF203E48F00108B6B281
:103D0000EAE7002A08BF052026E75A073FF524AF57
:103D1000A379DB0645D59BF80000042835D1A368BC
:103D20002146E27923622369DBF8100023F0FF03C8
:103D300013436362E36CA362FFF76AFE2368002704
:103D4000DA6819F8010B00283FF409AF40F252314C
:103D5000009200F04BFC054608B31F28009A7FF63E
:103D6000FEAE2F283FF4BFAE5C283FF4BCAE7F28E8
:103D700005D801460E4805F0FBF9009A78B9FF2FE7
:103D80000DD022F817500137DBE7216B0BF14C0304
:103D9000C1F308011944FFF751FEA060CEE70620E9
:103DA000DAE60520D8E600BFF0920008E9920008A4
:103DB000E09200081FB5CDE9001003A81446039156
:103DC000FEF700FA002815DB0B4A52F820300BB141
:103DD00000211970019B0BB10021197042F82030AD
:103DE0002CB1002201A96846FEF7C8FE0446204611
:103DF00004B010BD0B24FAE7343600202DE9F0475B
:103E000098B0904605460191002800F0528102F0DA
:103E10003F0603A901A83246FEF7B0FE002840F095
:103E20004681039B4FF48C60049303F03DFA0746F0
:103E3000002800F04081039B00F500720199D860D2
:103E400004A81A61FFF702FE044620B99DF95B3011
:103E5000002BB8BF062418F01C0F00F0CD80002CFA
:103E60004CD0042C40D104A8FFF724FC04460028C1
:103E70003AD146F00806039B1A78042A40F0838062
:103E8000186929462B60FFF7C3FD039B1E22002102
:103E900018690230FDF7EAFF039C00211A2220690D
:103EA0002630FDF7E3FF236920221A71246903F00D
:103EB00035FA0146012208342046FEF72BF9039B10
:103EC00004A81B6983F82120FFF764FA044658B957
:103ED000A96801B302462846FEF718FDAB68039AAD
:103EE0000446013B5361B4B1384603F0EDF90CB11F
:103EF00000232B60204618B0BDE8F0879DF81630EF
:103F000013F0110F40F0848018F0040F40F0C980C6
:103F100018F0080FAFD1039A31071399936C48BF7B
:103F200046F04006E964AB641078042872D1069B21
:103F30009DF817102B62089B106923F0FF030B43B9
:103F400029466B62179BAB62FFF762FDDDF80CA0A0
:103F50000024002205F15008BAF8063021464046F8
:103F6000C5F800A0AB80002385F8306085F83140AB
:103F70006C64C5E90E234FF40072FDF777FFB206BB
:103F800053D40024B0E703F0C9F901460090139818
:103F90000E30FEF7BFF8139800991630FEF7BAF806
:103FA000039C13992078FFF749FD202300228046C7
:103FB000CB7220461399FEF7D1F8139B0022012102
:103FC0001A775A779A77DA77039BD970B8F1000F8E
:103FD000A1D0414604A8D3F84890FEF797FC0446C8
:103FE000002881D149460398FEF75CFA039B0446FA
:103FF00008F1FF30586176E7002C7FF475AF9DF82B
:104000001630DC064FD418F0020F84D0D80782D5C2
:10401000072469E7FFF712FD0023A86001F11C00E7
:10402000FEF772F86B61286190E7D5E9046956EAFA
:104030000903A6D0BAF80AA0A9684FEA4A2AC5E936
:104040000E69B24574EB09031BD300242964002CCC
:104050007FF44AAFC6F30803002B92D0039C20469E
:10406000FEF770F808B3760A0123414646EAC956BE
:1040700082196A64607802F07BFC041E18BF012478
:1040800032E72846FEF7C6FAB6EB0A06014669F1A2
:104090000009012803D9431CD3D10124D6E7022407
:1040A000D4E7082420E704241EE702241CE7044682
:1040B0001EE709241EE711241CE700002DE9F04F3C
:1040C000994685B00023884603A90446C9F8003004
:1040D0001646FEF791F8054680BB94F831506DBB4B
:1040E00094F8303013F00103009300F0A68004F13F
:1040F000500AD4E90432D4E90E011B1A62EB010222
:10410000B34272F1000238BF1E46BEB1D4E90E10B0
:10411000C1F30803002B40F08280039B5A894B0AAD
:10412000013A43EAC0531A401BD151EA000309D1B6
:10413000A06801280DD8022584F83150284605B022
:10414000BDE8F08F216C20460192FEF763FA019AD8
:10415000EFE7431C04D10123009D84F83130EDE7E3
:104160002064DDF80CB0216C5846FDF7EBFF002809
:10417000E1D0B6F5007F02EB000731D3BBF80A109F
:1041800002EB5620730A88429BF8010088BF8B1A05
:104190003A464146019302F0EBFB0028DBD194F94B
:1041A0003020019B002A0BDA606CC01B984207D2BA
:1041B0004FF40072514608EB4020FDF731FE019BA1
:1041C0005F02D9F80030F61BB8443B44C9F8003010
:1041D000D4E90E32DB1942F10002C4E90E3294E751
:1041E000626CBA421AD094F93030002B0DDA0123F8
:1041F00051469BF8010002F0DFFB0028ABD194F898
:10420000303003F07F0384F83030039801233A46BE
:104210005146407802F0ACFB00289CD16764A16B4A
:104220004046C1F30801C1F500775144B74228BFA9
:1042300037463A46FDF7F4FDC3E707257EE7000061
:1042400070B596B00E460022019002A901A8FEF7B3
:1042500095FC0446E0B94FF48C6003F025F8054660
:10426000D8B1029B00F500720199D86002A81A61CA
:10427000FFF7ECFB044640B99DF95330002B0ADBF5
:104280001EB1314602A8FDF7EDFF284603F01CF8E9
:10429000204616B070BD0624F7E71124F8E70000A9
:1042A00070B5B8B00222019003A901A8FEF766FC20
:1042B000044608BB039B4FF48C60109302F0F4FF9C
:1042C0000546002866D0039B00F500720199D8606E
:1042D00010A81A61FFF7BAFB044650B99DF88B305D
:1042E000980655D4190653D49DF84630DA0706D5FA
:1042F0000724284602F0E8FF204638B070BD039B33
:1043000004931878042814D104A91869FFF780FBD6
:10431000069E9DF84630DB0610D410A8FEF776FF07
:1043200004460028E5D156BB0398FEF7DBFB0446A4
:10433000DFE71F99FFF782FB0646EAE7039BDA698E
:10434000B242D5D024930021269624A81B78042BB2
:1043500001BFDDE90823CDE928239DF817308DF84A
:104360009730FEF7EFF904460028C2D124A8FFF7E2
:1043700041F804460028BBD00428BAD1CDE7024654
:10438000314604A8FEF7C2FA04460028B1D1CBE7B3
:104390000624AEE71124AFE7F0B5BDB0CDE90010BB
:1043A0006846FDF70FFF022203A901A8FEF7E6FB0E
:1043B0000446002841D1039B4FF48C60149302F013
:1043C00073FF0546002800F0EE80039B00F50072A5
:1043D00014AE0199D8601A613046FFF737FB0446E6
:1043E00040BB9DF89B3013F0A00F40F0D880039B9A
:1043F000009F1A78042A68D11B6904AC03F1400CB1
:104400001868083353F8041C2246634503C2144657
:10441000F6D15022314628A8FDF702FD394628A8DA
:10442000FFF714FB044600284CD12A9A169B9A42A7
:1044300006D00824284602F047FF20463DB0F0BDD4
:10444000349A209B9A42F4D128A8FFF733F9044606
:104450000028EFD1039B04AF1B6993F801E093F8A8
:1044600023C09C8C3A46083303CAB24243F8080C76
:1044700043F8041C1746F5D1039B28A81B6983F851
:1044800001E0039B1A6982F823C01A6982F824406C
:10449000240A82F825401A691379D9065CBF43F0D3
:1044A00020031371FEF776FF04460028C2D1304680
:1044B000FEF7ACFE04460028BCD10398FEF712FBC1
:1044C0000446B7E70428B5D1BEE7239A04AB02F14E
:1044D000200C1068083252F8041C1C46624503C4C4
:1044E0002346F6D15022314628A8FDF799FC3946DB
:1044F00028A8FFF7ABFA044600284CD12A9A169B4D
:104500009A4296D1349A209B9A4292D128A8FFF7DA
:10451000D1F8044600288DD137990DF11D030DF116
:104520002D0001F10D0253F8044B834242F8044B75
:10453000F9D11888012710809B7893709DF81B3063
:10454000039CDA0658BF43F02003CB72E770CB7AA6
:10455000DB06ACD5169A2A9B9A42A8D02078FFF7A2
:104560006DFA01462046FDF7EDFD0146C8B1204633
:10457000FDF798FF044600287FF45CAF039890F89D
:104580006D302E2B93D12A9A00F16C01FDF7E6FDD8
:10459000039BDF708BE704287FF44CAFB6E706245B
:1045A00048E7022446E7112447E700007F2810B5BA
:1045B00001D880B210BDB0F5803F13D240F2523323
:1045C00099420FD10849002231F8024B93B284423C
:1045D00003D103F18000C0B2ECE70132802AF3D1AD
:1045E0001346F6E70020E5E7309600087F280DD94E
:1045F00040F25233994208D1FF2806D800F100401A
:10460000034B803833F8100070470020704700BF1C
:1046100030960008B0F5803FF0B522D21F4A83B231
:104620001F49B0F5805F28BF0A46141D34F8042CDA
:104630002146AAB1934213D334F8025C2E0AEFB29A
:1046400052FA85F5A84222DA082E09D8DFE806F0EA
:10465000050A10121416181A1C00801A34F81030AB
:104660001846F0BD981A00F001001B1A9BB2F7E73C
:10467000103BFBE7203BF9E7303BF7E71A3BF5E758
:104680000833F3E7503BF1E7A3F5E353EEE70434D7
:10469000002ECBD101EB4702C7E700BF8093000893
:1046A0007495000808B5074B074A196801F03D01E9
:1046B000996053680BB190689847BDE8084003F0D3
:1046C00023B800BF000002403C36002008B5084B6C
:1046D0001968890901F03D018A019A60054AD36889
:1046E0000BB110699847BDE8084003F00DB800BF52
:1046F000000002403C36002008B5084B1968090C40
:1047000001F03D010A049A60054A53690BB19069B2
:104710009847BDE8084002F0F7BF00BF0000024024
:104720003C36002008B5084B1968890D01F03D01A1
:104730008A059A60054AD3690BB1106A9847BDE8AB
:10474000084002F0E1BF00BF000002403C360020FC
:1047500008B5074B074A596801F03D01D960536A13
:104760000BB1906A9847BDE8084002F0CDBF00BF8A
:10477000000002403C36002008B5084B5968890902
:1047800001F03D018A01DA60054AD36A0BB1106B72
:104790009847BDE8084002F0B7BF00BF00000240E4
:1047A0003C36002008B5084B5968090C01F03D0162
:1047B0000A04DA60054A536B0BB1906B9847BDE869
:1047C000084002F0A1BF00BF000002403C360020BC
:1047D00008B5084B5968890D01F03D018A05DA607A
:1047E000054AD36B0BB1106C9847BDE8084002F046
:1047F0008BBF00BF000002403C36002008B5074BCD
:10480000074A196801F03D019960536C0BB1906C37
:104810009847BDE8084002F077BF00BF000402409F
:104820003C36002008B5084B1968890901F03D01A4
:104830008A019A60054AD36C0BB1106D9847BDE8A8
:10484000084002F061BF00BF000402403C36002077
:1048500008B5084B1968090C01F03D010A049A607B
:10486000054A536D0BB1906D9847BDE8084002F0C2
:104870004BBF00BF000402403C36002008B5084B87
:104880001968890D01F03D018A059A60054AD36DCA
:104890000BB1106E9847BDE8084002F035BF00BF6D
:1048A000000402403C36002008B5074B074A59680F
:1048B00001F03D01D960536E0BB1906E9847BDE891
:1048C000084002F021BF00BF000402403C36002037
:1048D00008B5084B5968890901F03D018A01DA6081
:1048E000054AD36E0BB1106F9847BDE8084002F03F
:1048F0000BBF00BF000402403C36002008B5084B47
:104900005968090C01F03D010A04DA60054A536F49
:104910000BB1906F9847BDE8084002F0F5BE00BFAC
:10492000000402403C36002008B5084B5968890D48
:1049300001F03D018A05DA60054AD36F13B1D2F860
:1049400080009847BDE8084002F0DEBE0004024047
:104950003C36002000230C4910B51A460B4C0B6066
:1049600054F82300026001EB430004334260402B03
:10497000F6D1074A4FF0FF339360D360C2F8083492
:10498000C2F80C3410BD00BF3C3600203097000840
:10499000000002400F28F8B510D9102810D01128B7
:1049A00011D0122808D10F240720DFF8C8E0012613
:1049B000DEF80050A04208D9002653E00446F4E790
:1049C0000F240020F1E70724FBE706FA00F73D4239
:1049D0004AD1264C4FEA001C3D4304EB00160EEB77
:1049E000C000CEF80050C0E90123FBB273B12048EB
:1049F000D0F8D83043F00103C0F8D830D0F80031F7
:104A000043F00103C0F80031D0F8003117F47F4FB4
:104A10000ED01748D0F8D83043F00203C0F8D83091
:104A2000D0F8003143F00203C0F80031D0F8003173
:104A300054F80C00036823F01F030360056815F0A9
:104A40000105FBD104EB0C033D2493F80CC05F6817
:104A500004FA0CF43C6021240560446112B1987B97
:104A600000F060FC3046F8BD0130A3E73097000845
:104A7000004402583C36002010B5302484F31188DD
:104A8000FFF788FF002383F3118810BD10B504469B
:104A9000807B00F05DFC01231549627B03FA02F282
:104AA0000B6823EA0203DAB20B6072B9114AD2F83A
:104AB000D81021F00101C2F8D810D2F8001121F06D
:104AC0000101C2F80011D2F8002113F47F4F0ED17A
:104AD000084BD3F8D82022F00202C3F8D820D3F82C
:104AE000002122F00202C3F80021D3F8003110BDEA
:104AF0003C3600200044025808B5302383F3118867
:104B0000FFF7C4FF002383F3118808BD836CC26ADA
:104B10008B42506810B506D95A1E4C0002EB410377
:104B2000B3FBF4F3184410BD01F001038A0748BF3A
:104B300043F002034A0748BF43F008030A0748BF8F
:104B400043F00403CA0648BF43F010038A06426BD1
:104B500048BF43F0200313434363704710B5074C2D
:104B6000204600F061FF064B0022C4E91023054BEC
:104B7000A364054BE363054BE36410BDC03600201E
:104B80000070005200B4C40414370020143900200F
:104B9000C36A0BB9104BC3620379012B11D10F4BC0
:104BA00098420ED10E4BD3F8D42042F48032C3F891
:104BB000D420D3F8FC2042F48032C3F8FC20D3F890
:104BC000FC30436C00221A65DA621A605A605A623D
:104BD0004FF0FF329A63704730980008C0360020CB
:104BE000004402580379012B1BD0436C00221A6544
:104BF000DA621A605A605A624FF0FF329A63094BC8
:104C000098420ED1084BD3F8D42022F48032C3F856
:104C1000D420D3F8FC2022F48032C3F8FC20D3F84F
:104C2000FC307047C03600200044025810B5446C78
:104C30000649FFF76BFF6060236842F2107043F093
:104C400003032360BDE8104001F0F4BC801A0600A5
:104C50000129F8B5466C0B4F09D175680A493D40EA
:104C6000FFF754FF054345F480557560F8BD74683F
:104C700006493C40FFF74AFF044344F48054746003
:104C8000F4E700BF00ECFFFF80F0FA0240787D01FE
:104C9000436C00225A601A6070470000426C012980
:104CA000536823F4404304D0022905D001B953606E
:104CB000704743F48043FAE743F40043F7E700000A
:104CC000436C41F480519A60D9605A6B1206FCD54E
:104CD00080229A637047000010B541F48851446CFB
:104CE000A260E160616B11F04502FBD0A26311F09C
:104CF000040203D0FFF718FF012010BD61691046C0
:104D00001960FAE710B541F48851446CA260E16083
:104D1000616B11F04502FBD0A26311F0050203D0D4
:104D2000FFF702FF012010BD616910461960FAE724
:104D300073B5134604460E46302282F31188426C46
:104D4000D26B32B14FF0FF314030019301F07EFC65
:104D5000019B606C00220265C263C262456B15F460
:104D6000807504D185F31188012002B070BD4FF029
:104D7000FF31816382F31188012E06D90C21204670
:104D800002B0BDE87040FFF7BDBF1046EDE7000080
:104D900073B5446C0E4600250192616BA1632565D5
:104DA000E562FFF7C1FE012E07D9019B2A460C21BF
:104DB00002B0BDE87040FFF7A5BF02B070BD0000B3
:104DC00010B541F49851446CA260E160616B11F040
:104DD0004502FBD0A26311F03F0203D0FFF7A4FE0F
:104DE000012010BD216A10461960E1695960A1696E
:104DF00099606169D960F4E72DE9F74304460191B0
:104E0000006D01A91746984602F0A6FB0646002849
:104E10004AD0626C2046DDF804905568C5F3090558
:104E200001356B00A56CB5FBF3F54FF47A73B5FB58
:104E3000F3F55D43556200F0BDFD50BB636C4FF070
:104E4000FF3201254146C3F8589020461D659A63FC
:104E50004FF49572DA6342F207029F62DA62E36C02
:104E60000A9AFFF74FFFA0B9E26C104B11680B4094
:104E70007BB929462046FFF75BFF054648B92E4619
:104E80003A460199206D02F09FFB304603B0BDE821
:104E9000F0833A460199206D02F096FBE26C012105
:104EA0002046FFF775FFF0E70126EEE708E0FFFD7B
:104EB0002DE9F7431F46436C01924FF47A725D6807
:104EC00004468846C5F3090501356E00856CB5FBBF
:104ED000F6F5B5FBF2F555435D6200F06BFD20B1D0
:104EE0000125284603B0BDE8F0837E0201A9206DAC
:104EF000324602F031FB05460028F1D0636C019A7E
:104F0000D4F84C909A6501221A654FF0FF329A63EB
:104F10004FF49572DA639E62236BDB064B4658BFF3
:104F20004FEA4828012F42461BD912212046FFF79D
:104F3000E9FEC0B9D9F80020104B13409BB9636C4F
:104F400042F2930239462046DA62E26CFFF7F0FE45
:104F5000804640B932460199206D454602F034FB47
:104F6000BFE71121E2E732460199206D02F02CFBE8
:104F7000E26C39462046FFF70BFFB2E708E0FFFD81
:104F80002DE9F3411F46436C01924FF47A725D683C
:104F900004468846C5F3090501356E00856CB5FBEE
:104FA000F6F5B5FBF2F555435D6200F003FD20B167
:104FB0000125284602B0BDE8F0817E0201A9206DDE
:104FC000324602F00FFB05460028F1D0636C019ACF
:104FD0009A6501221A654FF0FF329A634FF48D7281
:104FE000DA639E62236BE66CDB06334658BF4FEAFA
:104FF0004828012F424619D919212046FFF782FE81
:10500000B0B932680F4B134093B9636C42F291020E
:1050100039462046DA62E26CFFF78AFE064638B966
:1050200001993546206D02F019FBC2E71821E4E72B
:105030000199206D02F012FBE26C39462046FFF721
:10504000A7FEB6E708E0FFFD12F0030F2DE9F041DF
:1050500007460C4615461E4617D00E44B44202D1F0
:105060000020BDE8F0810123FA6B21463846FFF7A6
:105070001FFF0028F5D128464FF40072F96B05F5A3
:1050800000750134FCF7CCFEE8E7BDE8F041FFF71E
:105090000FBF000012F0030F2DE9F04107460C4648
:1050A00015461E4617D00E44B44202D10020BDE87A
:1050B000F08129464FF40072F86B05F50075FCF796
:1050C000AFFE0123FA6B21463846FFF759FF00284F
:1050D000EDD10134E8E7BDE8F041FFF751BF000032
:1050E00000207047302310B583F311880024436CEF
:1050F00040302146DC6301F0B7FA84F3118810BD1B
:10510000026843681143016003B11847704700000B
:10511000024A136843F0C0031360704700780040F0
:1051200013B50E4C204600F0DFFC04F11400002300
:105130004FF400720A49009400F07AF9094B4FF4D9
:105140000072094904F13800009400F0F3F9074AAD
:10515000074BC4E9172302B010BD00BF1839002067
:105160008439002011510008843B00200078004061
:1051700000E1F505037C30B5244C002918BF0C462E
:10518000012B11D1224B98420ED1224BD3F8E820AB
:1051900042F08042C3F8E820D3F8102142F0804268
:1051A000C3F81021D3F810312268036EC16D03EBF0
:1051B00052038466B3FBF2F36268150442BF23F026
:1051C000070503F0070343EA4503CB60A36843F0F8
:1051D00040034B60E36843F001038B6042F4967335
:1051E00043F001030B604FF0FF330B62510505D50F
:1051F00012F0102205D0B2F1805F04D080F8643044
:1052000030BD7F23FAE73F23F8E700BF3898000856
:1052100018390020004402582DE9F047C66D0546B4
:105220003768F469210734621AD014F0080118BFF6
:105230004FF48071E20748BF41F02001A3074FF00F
:10524000300348BF41F04001600748BF41F0800192
:1052500083F31188281DFFF753FF002383F3118880
:10526000E2050AD5302383F311884FF48061281DAD
:10527000FFF746FF002383F311884FF030094FF00A
:10528000000A14F0200838D13B0616D54FF030093B
:1052900005F1380A200610D589F31188504600F030
:1052A0007DF9002836DA0821281DFFF729FF27F0AD
:1052B00080033360002383F31188790614D56206D6
:1052C00012D5302383F31188D5E913239A4208D1EC
:1052D0002B6C33B127F040071021281DFFF710FF7A
:1052E0003760002383F31188E30618D5AA6E13698B
:1052F000ABB15069BDE8F047184789F31188736A6C
:10530000284695F86410194000F008FC8AF31188CB
:10531000F469B6E7B06288F31188F469BAE7BDE8CA
:10532000F0870000090100F16043012203F56143A9
:10533000C9B283F8001300F01F039A4043099B0091
:1053400003F1604303F56143C3F880211A6070479D
:1053500000F01F0301229A40430900F160409B00C6
:1053600000F5614003F1604303F56143C3F8802019
:10537000C3F88021002380F800337047F8B5154644
:10538000826804460B46AA4200D28568A169266954
:10539000761AB5420BD218462A46FCF741FDA3699E
:1053A0002B44A3612846A3685B1BA360F8BD0CD9FE
:1053B000AF1B18463246FCF733FD3A46E1683044ED
:1053C000FCF72EFDE3683B44EBE718462A46FCF762
:1053D00027FDE368E5E7000083689342F7B50446DC
:1053E000154600D28568D4E90460361AB5420BD25E
:1053F0002A46FCF715FD63692B4463612846A368C0
:105400005B1BA36003B0F0BD0DD93246AF1B019109
:10541000FCF706FD01993A46E0683144FCF700FDCF
:10542000E3683B44E9E72A46FCF7FAFCE368E4E773
:1054300010B50A440024C361029B8460C16002610C
:105440000362C0E90000C0E9051110BD08B5D0E94C
:105450000532934201D1826882B98268013282604A
:105460005A1C426119700021D0E904329A4224BFCB
:10547000C368436101F012F9002008BD4FF0FF300E
:10548000FBE7000070B5302304460E4683F3118815
:10549000A568A5B1A368A269013BA360531CA361E1
:1054A00015782269934224BFE368A361E3690BB1D5
:1054B00020469847002383F31188284607E03146A9
:1054C000204601F0DBF80028E2DA85F3118870BD90
:1054D0002DE9F74F04460E4617469846D0F81C9023
:1054E0004FF0300A8AF311884FF0000B154665B172
:1054F0002A4631462046FFF741FF034660B9414640
:10550000204601F0BBF80028F1D0002383F3118876
:10551000781B03B0BDE8F08FB9F1000F03D0019004
:105520002046C847019B8BF31188ED1A1E448AF36D
:105530001188DCE7C160C361009B82600362C0E93F
:1055400005111144C0E9000001617047F8B5044637
:105550000D461646302383F31188A768A7B1A368C8
:10556000013BA36063695A1C62611D70D4E9043277
:105570009A4224BFE3686361E3690BB12046984710
:10558000002080F3118807E03146204601F076F8CC
:105590000028E2DA87F31188F8BD0000D0E905237E
:1055A00010B59A4201D182687AB98268002101322D
:1055B00082605A1C82611C7803699A4224BFC368C6
:1055C000836101F06BF8204610BD4FF0FF30FBE720
:1055D0002DE9F74F04460E4617469846D0F81C9022
:1055E0004FF0300A8AF311884FF0000B154665B171
:1055F0002A4631462046FFF7EFFE034660B9414692
:10560000204601F03BF80028F1D0002383F31188F5
:10561000781B03B0BDE8F08FB9F1000F03D0019003
:105620002046C847019B8BF31188ED1A1E448AF36C
:105630001188DCE70379052B05BF836A0020012070
:105640004B6004BF4FF400730B60704770B55D1E74
:10565000866A04460D44B54205D9436B43F0800386
:105660004363012070BD06250571FFF7EDFC05239E
:105670002371F7E770B55D1E866A04460D44B54296
:1056800005D9436B43F080034363012070BD0725B8
:105690000571FFF7FFFC05232371F7E738B505799E
:1056A0000446052D05D108230371FFF719FD257167
:1056B00038BD0120FCE700000323F0B5037185B07D
:1056C0000446FFF7B3FA002220461146FFF7F8FA26
:1056D0004FF4D57203AB08212046FFF713FB0246B7
:1056E000B8B901232363039BC3F30323012B09D11F
:1056F00003AB37212046FFF705FB18B9A44B039AEB
:105700001340ABB120460125FFF7C2FA02232371F3
:1057100037E103AB002237212046FFF7F3FA28B91F
:105720009B4A039B1A40002A00F0A78002232363B0
:10573000236B03F00F03022B40F0A9806425954EE4
:1057400042F2107000F076FF03AB32460121204692
:10575000FFF7C2FA0028D5D1039B002B80F293807B
:105760005A0003D5236B43F010032363002204F196
:10577000080302212046FFF723FB02460028C1D17F
:1057800004F1380303212046FFF7BCFA0028B9D101
:1057900004F11805A26B092120462B46FFF710FBE8
:1057A0000028AFD102ABA26B07212046FFF7AAFA6F
:1057B00006460028A6D1236B03F00F03022B40F00E
:1057C0008F807E227F21284603F0F0F9012840F2E5
:1057D0008780E76B42F2107000F02CFF08234FF433
:1057E0000072394620460096FFF706FB002889D153
:1057F000384603F029FA236BA06203F00F03022B53
:1058000072D103AB644A06212046FFF77BFA0028D9
:1058100071D15F49039B1940B1FA81F149092046D2
:10582000FFF716FA02AB4FF4007210212046FFF783
:1058300069FA054600287FF465AF554E029B334256
:105840007FF460AF236B13F00E0F03F00F0273D0E1
:10585000022A7FF457AFE36A1978012900F0948097
:10586000022900F09380002900F089804B4F2046E8
:10587000FFF714FA03AB3A4676E01146204622635E
:10588000FFF71EFA54E7013D7FF45AAF3AE7444D63
:105890006426444A3E4F012B18BF154603AB002235
:1058A00037212046FFF72EFA00287FF42BAF039B09
:1058B0003B427FF427AF03AB2A4629212046FFF75E
:1058C0000BFA00287FF41EAF039B002BFFF648AFB6
:1058D000013E3FF417AF42F2107000F0ABFEDDE77F
:1058E000284603F085F986E77E227F212846E66B6D
:1058F00003F05CF908B9002191E70023402231460A
:10590000204600930623FFF777FA0028F3D1B389E6
:105910005BBA9B07EFD5244B4022314620460093CB
:105920000623FFF769FA0028E5D1317C01F00F0169
:105930000F3918BF012172E7E36A1978F9B101291B
:105940007FF4E0AE2046FFF7A9F903ABA26B372145
:105950002046FFF7D7F900287FF4D4AE039B3342EB
:105960007FF4D0AE03AB022206212046FFF7CAF92E
:1059700000287FF4C7AE039B33427FF4C3AE0523F8
:105980002371284605B0F0BD084F70E7084F6EE759
:1059900008E0FFFD0080FFC00001B9030000B7036D
:1059A0000080FF5000001080F1FFFF800001B7036E
:1059B0000002B70337B504460C4D01ABA26B0D21B5
:1059C0002046FFF79FF978B9019B2B420BD1C3F317
:1059D0004323042B08D0053B022B04D84FF47A70E4
:1059E00000F028FEE9E7012003B030BD08E0FFFD2C
:1059F00070B53023054683F3118803790024022B08
:105A000003D184F31188204670BD0423037184F30D
:105A100011880226FFF7CEFF04462846FFF738F923
:105A20002E71F0E7FFF79AB8044B0360012303716E
:105A300000234363C0E90A33704700BF5098000851
:105A400010B53023044683F31188C162FFF7A0F834
:105A500002230020237180F3118810BD10B530237C
:105A6000044683F31188FFF7BDF800230122E362A7
:105A7000227183F3118810BD0268436811430160ED
:105A800003B11847704700001430FFF721BD000034
:105A90004FF0FF331430FFF71BBD00003830FFF725
:105AA00097BD00004FF0FF333830FFF791BD000085
:105AB0001430FFF7E7BC00004FF0FF311430FFF760
:105AC000E1BC00003830FFF741BD00004FF0FF326D
:105AD0003830FFF73BBD0000012914BF6FF0130001
:105AE00000207047FFF71CBB044B0360002343609A
:105AF000C0E9023301230374704700BF74980008A3
:105B000010B53023044683F31188FFF733FB0223DB
:105B10000020237480F3118810BD000038B5C369DC
:105B200004460D461BB904210844FFF7A5FF29468A
:105B300004F11400FFF78AFC002806DA201D4FF458
:105B40000061BDE83840FFF797BF38BD0268436881
:105B50001143016003B118477047000013B5406B53
:105B600000F58054D4F8A4381A681178042914D1A7
:105B7000017C022911D11979012312898B4013422A
:105B80000BD101A94C3002F03FFFD4F8A4480246E3
:105B9000019B2179206800F0DFF902B010BD000000
:105BA000143002F0C1BE00004FF0FF33143002F099
:105BB000BBBE00004C3002F093BF00004FF0FF333B
:105BC0004C3002F08DBF0000143002F08FBE000098
:105BD0004FF0FF31143002F089BE00004C3002F06B
:105BE0005FBF00004FF0FF324C3002F059BF0000A1
:105BF0000020704710B500F58054D4F8A4381A6816
:105C00001178042917D1017C022914D15979012373
:105C100052898B4013420ED1143002F021FE02460D
:105C200048B1D4F8A4484FF4407361792068BDE8C6
:105C3000104000F07FB910BD406BFFF7DBBF0000E4
:105C4000704700007FB5124B01250426044603600F
:105C50000023057400F1840243602946C0E9023341
:105C60000C4B0290143001934FF44073009602F0F5
:105C7000D3FD094B04F69442294604F14C000294EA
:105C8000CDE900634FF4407302F09AFE04B070BD9A
:105C90009C980008395C00085D5B00080A683023A6
:105CA00083F311880B790B3342F823004B791333BC
:105CB00042F823008B7913B10B3342F8230000F52F
:105CC0008053C3F8A41802230374002080F31188C2
:105CD0007047000038B5037F044613B190F8543084
:105CE000ABB90125201D0221FFF730FF04F114009C
:105CF0006FF00101257700F0DDFC04F14C0084F821
:105D000054506FF00101BDE8384000F0D3BC38BDFD
:105D100010B5012104460430FFF718FF0023237754
:105D200084F8543010BD000038B504460025143006
:105D300002F08AFD04F14C00257702F059FE201D87
:105D400084F854500121FFF701FF2046BDE8384098
:105D5000FFF750BF90F8803003F06003202B06D18E
:105D600090F881200023212A03D81F2A06D800207A
:105D70007047222AFBD1C0E91D3303E0034A426782
:105D800007228267C3670120704700BF3C220020C2
:105D900037B500F58055D5F8A4381A68117804296C
:105DA0001AD1017C022917D11979012312898B405C
:105DB000134211D100F14C04204602F0D9FE58B133
:105DC00001A9204602F020FED5F8A4480246019B16
:105DD0002179206800F0C0F803B030BD01F10B0359
:105DE000F0B550F8236085B004460D46FEB130236F
:105DF00083F3118804EB8507301D0821FFF7A6FE09
:105E0000FB6806F14C005B691B681BB1019002F056
:105E100009FE019803A902F0F7FD024648B1039B71
:105E20002946204600F098F8002383F3118805B036
:105E3000F0BDFB685A691268002AF5D01B8A013B45
:105E40001340F1D104F18002EAE70000133138B5C4
:105E500050F82140ECB1302383F3118804F58053CE
:105E6000D3F8A4281368527903EB8203DB689B699B
:105E70005D6845B104216018FFF768FE294604F10A
:105E8000140002F0F7FC2046FFF7B4FE002383F372
:105E9000118838BD7047000001F034BD0123402255
:105EA000002110B5044600F8303BFBF7DFFF00236C
:105EB000C4E9013310BD000010B53023044683F35C
:105EC00011882422416000210C30FBF7CFFF2046CF
:105ED00001F03AFD02230020237080F3118810BDE9
:105EE00070B500EB8103054650690E461446DA6032
:105EF00018B110220021FBF7B9FFA06918B11022D8
:105F00000021FBF7B3FF31462846BDE8704001F0A1
:105F100021BE000083682022002103F0011310B588
:105F2000044683601030FBF7A1FF2046BDE8104017
:105F300001F09CBEF0B4012500EB810447898D403F
:105F4000E4683D43A469458123600023A260636047
:105F5000F0BC01F0B9BE0000F0B4012500EB8104F3
:105F600007898D40E4683D4364690581236000230F
:105F7000A2606360F0BC01F02FBF000070B5022387
:105F800000250446242203702946C0F888500C30AE
:105F900040F8045CFBF76AFF204684F8705001F07B
:105FA0006DFD63681B6823B129462046BDE870403B
:105FB000184770BD0378052B10B504460AD080F849
:105FC0008C300523037043681B680BB1042198478C
:105FD0000023A36010BD00000178052906D190F8C8
:105FE0008C20436802701B6803B11847704700009B
:105FF00070B590F87030044613B1002380F870300B
:1060000004F18002204601F055FE63689B68B3B935
:1060100094F8803013F0600535D00021204602F05E
:1060200047F90021204602F037F963681B6813B175
:10603000062120469847062384F8703070BD20461C
:1060400098470028E4D0B4F88630A26F9A4288BFFF
:10605000A36794F98030A56F002B4FF0300380F2D6
:106060000381002D00F0F280092284F8702083F370
:10607000118800212046D4E91D23FFF76DFF00237E
:1060800083F31188DAE794F8812003F07F0343EA71
:10609000022340F20232934200F0C58021D8B3F5CA
:1060A000807F48D00DD8012B3FD0022B00F0938089
:1060B000002BB2D104F1880262670222A267E36773
:1060C000C1E7B3F5817F00F09B80B3F5407FA4D199
:1060D00094F88230012BA0D1B4F8883043F0020349
:1060E00032E0B3F5006F4DD017D8B3F5A06F31D0C3
:1060F000A3F5C063012B90D86368204694F88220F2
:106100005E6894F88310B4F88430B047002884D0D7
:10611000436863670368A3671AE0B3F5106F36D06E
:1061200040F6024293427FF478AF5C4B63670223F0
:10613000A3670023C3E794F88230012B7FF46DAF8F
:10614000B4F8883023F00203A4F88830C4E91D5560
:10615000E56778E7B4F88030B3F5A06F0ED194F816
:106160008230204684F88A3001F0E6FC63681B68C0
:1061700013B1012120469847032323700023C4E96B
:106180001D339CE704F18B0363670123C3E7237886
:10619000042B10D1302383F311882046FFF7BAFE79
:1061A00085F311880321636884F88B5021701B6884
:1061B0000BB12046984794F88230002BDED084F84B
:1061C0008B300423237063681B68002BD6D0022118
:1061D00020469847D2E794F8843020461D0603F005
:1061E0000F010AD501F058FD012804D002287FF4E0
:1061F00014AF2B4B9AE72B4B98E701F03FFDF3E7E9
:1062000094F88230002B7FF408AF94F8843013F0B8
:106210000F01B3D01A06204602D502F061F8ADE7AF
:1062200002F052F8AAE794F88230002B7FF4F5AE22
:1062300094F8843013F00F01A0D01B06204602D53D
:1062400002F036F89AE702F027F897E7142284F86C
:10625000702083F311882B462A4629462046FFF7F3
:1062600069FE85F31188E9E65DB1152284F8702096
:1062700083F3118800212046D4E91D23FFF75AFE3D
:10628000FDE60B2284F8702083F311882B462A4602
:1062900029462046FFF760FEE3E700BFCC980008E0
:1062A000C4980008C898000838B590F870300446C3
:1062B000002B3ED0063BDAB20F2A34D80F2B32D84F
:1062C000DFE803F0373131082232313131313131F9
:1062D00031313737856FB0F886309D4214D2C368AC
:1062E0001B8AB5FBF3F203FB12556DB9302383F320
:1062F00011882B462A462946FFF72EFE85F3118882
:106300000A2384F870300EE0142384F870303023B0
:1063100083F31188002320461A461946FFF70AFE28
:10632000002383F3118838BDC36F03B1984700235E
:10633000E7E70021204601F0BBFF0021204601F0E5
:10634000ABFF63681B6813B10621204698470623FC
:10635000D7E7000010B590F870300446142B29D010
:1063600017D8062B05D001D81BB110BD093B022B55
:10637000FBD80021204601F09BFF0021204601F0C0
:106380008BFF63681B6813B10621204698470623DC
:1063900019E0152BE9D10B2380F87030302383F3FB
:1063A000118800231A461946FFF7D6FD002383F310
:1063B0001188DAE7C3689B695B68002BD5D1C36F8E
:1063C00003B19847002384F87030CEE70023826839
:1063D00080F8243083691B6899689142FBD25A681F
:1063E00003604260106058607047000000238268BC
:1063F00080F8243083691B6899689142FBD85A68F9
:1064000003604260106058607047000008B508469D
:10641000302383F3118891F82430032B05D0042B0B
:106420000DD02BB983F3118808BD8B6A00221A6046
:106430004FF0FF338362FFF7C9FF0023F2E7D1E992
:10644000003213605A60F3E7034610B51B689842A8
:1064500003D09C688A689442F8D25A680B604A60FC
:106460001160596010BD0000FFF7B0BF064BD9683E
:1064700081F824001868026853601A600122D8600D
:1064800080F82420F9F7BEBF883D00200C4B30B5C2
:10649000DD684B1C87B004460FD02B46094A68467E
:1064A00000F09CF92046FFF7E1FF009B13B168461E
:1064B00000F09EF9A86A07B030BDFFF7D7FFF9E7F3
:1064C000883D00200D640008044B1A68DB68906862
:1064D0009B68984294BF002001207047883D0020AF
:1064E000094B10B51C68D868226853601A600122F5
:1064F000DC6084F82420FFF779FF01462046BDE8E0
:106500001040F9F77FBF00BF883D0020044B1A6898
:10651000DB6892689B689A4201D9FFF7E1BF704738
:10652000883D002038B50123084C002523706560A4
:1065300002F0B8FB02F0DEFB0549064802F0B4FCAD
:106540000223237085F3118838BD00BF304000203E
:10655000D4980008883D002000F080B9034A5168B3
:1065600053685B1A9842FBD8704700BF001000E0E8
:106570008B604B630023CA6100F128020B63022386
:106580000A618B840123886181F8263001F11003B0
:10659000C26A4A611360C36201F12C030846CB62F0
:1065A00070470000D0E90131026841F8183CA1F1C0
:1065B0009C033839CB60036941F8243C436941F8B6
:1065C000203C034B41F8043CC3680248FFF7D0BFAE
:1065D0001D040008883D002008B5FFF7E3FFBDE873
:1065E0000840FFF741BF000038B50E4BDC6804F1EE
:1065F0002C05A062E06AA8420FD194F826303BB97E
:1066000094F825309B0702BFD4E9043213605A6026
:106610000F20BDE83840FFF729BF0368E362FFF7AA
:1066200023FFE7E7883D0020302383F31188FFF73D
:10663000DBBF000008B50146302383F31188082032
:10664000FFF724FF002383F3118808BD054BDB68A7
:1066500021B1036098620320FFF718BF4FF0FF30AD
:10666000704700BF883D002003682BB10022026004
:1066700018469962FFF7F8BE70470000064BDB68CA
:1066800039B1426818605A60136043600420FFF714
:10669000FDBE4FF0FF307047883D002003689842F0
:1066A00006D01A680260506018469962FFF7DCBE97
:1066B0007047000038B504460D462068844200D17A
:1066C00038BD036823605C608562FFF7CDFEF4E7A8
:1066D000036810B59C68A2420CD85C688A600B60A5
:1066E0004C602160596099688A1A9A604FF0FF33B4
:1066F000836010BD121B1B68ECE700000A2938BF3D
:106700000A2170B504460D460A26601902F0C4FA43
:1067100002F0ACFA041BA54203D8751C04462E46B1
:10672000F3E70A2E04D90120BDE8704002F084BCD2
:1067300070BD0000F8B5144B0D460A2A4FF00A0749
:10674000D96103F11001826038BF0A2241601969E2
:106750001446016048601861A81802F08DFA02F032
:1067600085FA431B0646A34206D37C1C28192746FC
:10677000354602F091FAF2E70A2F04D90120BDE86C
:10678000F84002F059BCF8BD883D0020F8B5064637
:106790000D4602F06BFA0F4A134653F8107F9F42E2
:1067A00006D12A4601463046BDE8F840FFF7C2BF91
:1067B000D169BB68441A2C1928BF2C46A34202D9C0
:1067C0002946FFF79BFF224631460348BDE8F840C3
:1067D000FFF77EBF883D0020983D0020C0E90323DD
:1067E000002310B45DF8044B4361FFF7CFBF0000F6
:1067F00010B5194C236998420DD08168D0E9003258
:1068000013605A609A680A449A60002303604FF04C
:10681000FF33A36110BD0268234643F8102F536075
:106820000022026022699A4203D1BDE8104002F0C2
:106830002DBA936881680B44936002F017FA2269BD
:10684000E1699268441AA242E4D91144BDE81040BB
:10685000091AFFF753BF00BF883D00202DE9F0471C
:10686000DFF8BC8008F110072C4ED8F8105002F069
:10687000FDF9D8F81C40AA68031B9A423ED814447C
:106880004FF00009D5E90032C8F81C4013605A6087
:10689000C5F80090D8F81030B34201D102F0F6F9F3
:1068A00089F31188D5E9033128469847302383F3CB
:1068B00011886B69002BD8D002F0D8F96A69A0EB77
:1068C000040982464A450DD2022002F0B5FB00229F
:1068D000D8F81030B34208D151462846BDE8F047F9
:1068E000FFF728BF121A2244F2E712EB09092946E2
:1068F000384638BF4A46FFF7EBFEB5E7D8F8103008
:10690000B34208D01444C8F81C00211AA960BDE89D
:10691000F047FFF7F3BEBDE8F08700BF983D0020C9
:10692000883D002038B502F0A1F9054AD2E90845B2
:10693000031B181945F10001C2E9080138BD00BF69
:10694000883D002010B560B9074804790368053C0C
:106950009B6818BF0124984708B144F004042046FE
:1069600010BD0124FBE700BFC0360020FFF7EABFDF
:106970002DE9F047884617469A460446B0B90D4EB1
:106980003579052D05D003240DE0013D15F0FF05F7
:106990000ED03268534639463046D2F814904246FB
:1069A000C8470028F1D12046BDE8F0870424FAE763
:1069B0000124F8E7C03600202DE9F0478846174645
:1069C0009A460446B0B90D4E3579052D05D00324FD
:1069D0000DE0013D15F0FF050ED0326853463946F3
:1069E0003046D2F818904246C8470028F1D12046D8
:1069F000BDE8F0870424FAE70124F8E7C036002058
:106A000037B50C46154670B951B101290BD107486D
:106A1000694603681B6A984710B9019B04462B60BE
:106A2000204603B030BD0424FAE700BFC036002082
:106A300000207047FEE70000704700004FF0FF3075
:106A4000704700004B6843608B688360CB68C3600D
:106A50000B6943614B6903628B6943620B68036096
:106A60007047000008B53C4B40F2FF713B48D3F83B
:106A700088200A43C3F88820D3F8882022F4FF62D4
:106A800022F00702C3F88820D3F88820D3F8E0204A
:106A90000A43C3F8E020D3F808210A43C3F80821C9
:106AA0002F4AD3F808311146FFF7CCFF00F580607C
:106AB00002F11C01FFF7C6FF00F5806002F138010A
:106AC000FFF7C0FF00F5806002F15401FFF7BAFF45
:106AD00000F5806002F17001FFF7B4FF00F58060FF
:106AE00002F18C01FFF7AEFF00F5806002F1A80112
:106AF000FFF7A8FF00F5806002F1C401FFF7A2FFD5
:106B000000F5806002F1E001FFF79CFF00F5806076
:106B100002F1FC01FFF796FF02F58C7100F5806031
:106B2000FFF790FF01F074FC0E4BD3F8902242F077
:106B30000102C3F89022D3F8942242F00102C3F874
:106B400094220522C3F898204FF06052C3F89C208D
:106B5000054AC3F8A02008BD0044025800000258AE
:106B6000E898000800ED00E01F00080308B501F0F8
:106B70003FFEFFF7D7FC104BD3F8DC2042F0400279
:106B8000C3F8DC20D3F8042122F04002C3F804212A
:106B9000D3F80431094B1A6842F008021A601A68E7
:106BA00042F004021A6000F061FD00F041FBBDE814
:106BB000084000F0B5B800BF004402580018024871
:106BC00001207047002070477047000002290CD058
:106BD000032904D00129074818BF00207047032A61
:106BE00005D8054800EBC2007047044870470020F4
:106BF000704700BFE89A00084C2200209C9A0008C9
:106C000070B59AB005460846144601A900F0C2F8CE
:106C100001A8FBF723F9431C0022C6B25B00104613
:106C2000C5E9003423700323023404F8013C01ABAE
:106C3000D1B202348E4201D81AB070BD13F8011BD4
:106C4000013204F8010C04F8021CF1E708B5302306
:106C500083F311880348FFF79BF8002383F311881F
:106C600008BD00BF3840002090F8803003F01F02BC
:106C7000012A07D190F881200B2A03D10023C0E913
:106C80001D3315E003F06003202B08D1B0F88430E9
:106C90002BB990F88120212A03D81F2A04D8FFF7A6
:106CA00059B8222AEBD0FAE7034A426707228267E3
:106CB000C3670120704700BF4322002007B50529A4
:106CC00017D8DFE801F0191603191920302383F3D0
:106CD0001188104A01210190FFF702F90198022161
:106CE0000D4AFFF7FDF80D48FFF71EF8002383F368
:106CF000118803B05DF804FB302383F31188074843
:106D0000FEF7E8FFF2E7302383F311880348FEF72C
:106D1000FFFFEBE73C9A0008609A0008384000202B
:106D200038B50C4D0C4C2A460C4904F10800FFF70D
:106D300067FF05F1CA0204F110000949FFF760FF7F
:106D400005F5CA7204F118000649BDE83840FFF79E
:106D500057BF00BF105900204C2200201C9A000889
:106D6000269A0008319A000870B5044608460D4678
:106D7000FBF774F8C6B22046013403780BB9184605
:106D800070BD32462946FBF755F80028F3D10120A3
:106D9000F6E700002DE9F04705460C46FBF75EF8E4
:106DA0002C49C6B22846FFF7DFFF08B10836F6B215
:106DB00029492846FFF7D8FF08B11036F6B2632EEE
:106DC0000BD8DFF89080DFF89090244FDFF898A080
:106DD0002E7846B92670BDE8F08729462046BDE8E2
:106DE000F04702F0D3B9252E30D10722414628467C
:106DF000FBF720F880B91A4B224603F10C0153F837
:106E0000040B8B4242F8040BF9D1198807359B78A3
:106E10000F3411809370DBE7082249462846FBF7C0
:106E200009F898B9A21C0F4B197802320909C95DFB
:106E300002F8041C13F8011B01F00F015345C95D52
:106E400002F8031CF0D118340835C1E7013504F805
:106E5000016BBDE7089B0008319A0008209B0008E1
:106E6000109B000800E8F11F0CE8F11FBFF34F8FE3
:106E7000044B1A695107FCD1D3F810215207F8D1FD
:106E8000704700BF0020005208B50D4B1B78ABB90E
:106E9000FFF7ECFF0B4BDA68D10704D50A4A5A60BA
:106EA00002F188325A60D3F80C21D20706D5064A7F
:106EB000C3F8042102F18832C3F8042108BD00BFE1
:106EC0006E5B0020002000522301674508B5114B7E
:106ED0001B78F3B9104B1A69510703D5DA6842F0F1
:106EE0004002DA60D3F81021520705D5D3F80C21FF
:106EF00042F04002C3F80C21FFF7B8FF064BDA68F6
:106F000042F00102DA60D3F80C2142F00102C3F82A
:106F10000C2108BD6E5B0020002000520F289ABF94
:106F200000F5806040040020704700004FF40030FE
:106F300070470000102070470F2808B50BD8FFF7E6
:106F4000EDFF00F500330268013204D104308342C2
:106F5000F9D1012008BD0020FCE700000F2838B55A
:106F600005463FD8FFF782FF1F4CFFF78DFF4FF01C
:106F7000FF3307286361C4F814311DD82361FFF77C
:106F800075FF030243F02403E360E36843F08003EA
:106F9000E36023695A07FCD42846FFF767FFFFF731
:106FA000BDFF4FF4003100F09BFA2846FFF78EFF3B
:106FB000BDE83840FFF7C0BFC4F81031FFF756FFF7
:106FC000A0F108031B0243F02403C4F80C31D4F8E9
:106FD0000C3143F08003C4F80C31D4F810315B0756
:106FE000FBD4D9E7002038BD002000522DE9F84F2E
:106FF00004460D46104644EA0203DE0602D0002095
:10700000BDE8F88F20F01F00DFF8D4B0DFF8D4A07F
:10701000FFF73AFF05EB0008454503D10120FFF7D4
:1070200055FFEDE720222946204602F077F810B9F7
:1070300020342035F0E7234604F120021F68791C34
:10704000DDD104339342F9D104F178432048214E35
:10705000B3F5801F204B38BF184603F1F80332BF49
:10706000D946D1461E46FFF701FF0760A4EB050C89
:10707000336805F11C0143F0020333602B1FD9F87C
:10708000007017F00507FAD153F8042F8B424CF823
:107090000320F4D1BFF34F8FFFF7E8FE4FF0FF332B
:1070A0000360336823F002033360BFF34F8F0B4B51
:1070B000C3F85C42BFF34F8FBFF36F8F2022294686
:1070C000204602F02BF80028B2D03846A7E700BFD0
:1070D000142100520C2000521420005200ED00E058
:1070E000102000521021005210B5084C237828B10E
:1070F0001BB9FFF7C9FE0123237010BD002BFCD084
:107100002070BDE81040FFF7E1BE00BF6E5B0020BD
:107110002DE9F04F0D4685B0814658B111F00D06AE
:1071200014BF2022082211F00803019304D0431E4B
:10713000034269D0002435E0002E37D009F11F0149
:1071400021F01F094FF00108314F05F00403DFF86B
:10715000CCA005EA080BBBF1000F32D07869C0075C
:107160002FD408F101080C37B8F1060FF3D19EB9FE
:10717000284D4946A819019201F0DEFD0446002879
:1071800039D12036019AA02EF3D1494601F0D4FD21
:10719000044600282FD1019A49461F4801F0CCFD32
:1071A000044660BB204605B0BDE8F08F0029C9D178
:1071B00001462846029201F0BFFD0446D8B9029A62
:1071C000C0E713B178694107CBD5AC0702D5786920
:1071D0008007C6D5019911B178690107C1D5494623
:1071E0000AEB4810CDE9022301F0A6FD0446DDE9D3
:1071F00002230028B5D04A460021204601E04A4635
:107200000021FAF733FECDE70246002E96D199E72A
:10721000349B0008B05B0020705B0020905B002076
:107220000021FFF775BF00000121FFF771BF0000CB
:1072300000231A4670B51A600433B3F5806FFAD193
:10724000104D0124104E06EB441001342A6955F804
:107250000C1F01F05DFD062CF5D137254FF4C0540D
:107260002046FFF7E1FF014628B122460748BDE866
:10727000704001F04DBDC4EBC404013D4FEAD4049D
:10728000EED170BD349B0008905B0020705B002045
:107290000421FFF73DBF00004843FFF7C1BF0000D6
:1072A00008B101F0BBBD7047B0F5805F10B5044672
:1072B00007D8FFF7EDFF28B92046BDE81040FFF7DB
:1072C000AFBF002010BD0000FFF7EABF70B5AAB144
:1072D00040EA010313F01F030FD1094C0144A568D4
:1072E0006D0706D52568A84203D366683544A942D0
:1072F00004D903330C34122BF1D10022104670BD97
:10730000349B000808B501F09FFE034AD2E9003221
:10731000C01842EB010108BD505C0020434BD3E98B
:1073200000232DE9F34113437CD0FFF7EBFF404AE4
:1073300000230027F9F780F806460D463D4A002352
:10734000F9F77AF80023144630462946394AF9F706
:1073500073F84FF461613C23ADF80170B4FBF1F5B3
:10736000B4FBF3F601FB154103FB16464624B1FBC3
:10737000F3F1314BF6B28DF8004098423CD84FF013
:10738000640C4FF4C87EA30704F26C7225D1B2FBE3
:10739000FCF30CFB132313BBB2FBFEF30EFB132217
:1073A000B2FA82F35B0903F26D18621C8045D2B217
:1073B00017D90FB18DF800400022204C4FF00C0C73
:1073C00017460CFB0343D4B2013213F804C08445C2
:1073D0000CD8A0EB0C000127F5E70023E3E701231D
:1073E000E1E7A0EB080014460127CCE70FB18DF8C8
:1073F0000140431C8DF802309DF80100431C9DF8AC
:1074000000005038400640EA43509DF8023040EA00
:10741000034040EA560040EAC52040EA411002B06D
:10742000BDE8F0814FF40410F9E700BF505C002084
:1074300040420F008051010090230B007C9B00080C
:107440000244074BD2B210B5904200D110BD441C8B
:1074500000B253F8200041F8040BE0B2F4E700BF9B
:10746000504000580E4B30B51C6F240405D41C6FDF
:107470001C671C6F44F400441C670A4C02442368D8
:10748000D2B243F480732360074B904200D130BDE9
:10749000441C51F8045B00B243F82050E0B2F4E71A
:1074A00000440258004802585040005807B50122D5
:1074B00001A90020FFF7C4FF019803B05DF804FBA9
:1074C00013B50446FFF7F2FFA04205D0012201A93F
:1074D00000200194FFF7C6FF02B010BD7047000006
:1074E0000144BFF34F8F064B884204D3BFF34F8F45
:1074F000BFF36F8F7047C3F85C022030F4E700BF22
:1075000000ED00E00144BFF34F8F064B884204D3E7
:10751000BFF34F8FBFF36F8F7047C3F870022030F7
:10752000F4E700BF00ED00E070B5054616460C46D6
:1075300001201021FFF7B0FE286046733CB12046C1
:1075400036B1FFF7A5FE2B68186000B19C6070BDD6
:10755000FFF76AFEF7E70000F8B50F461546044648
:1075600048B905F11F010126386821F01F01FFF716
:10757000B7FF3046F8BD427B29463868FFF7A6FEC4
:1075800006460028EDD13B686360A368AB4210D289
:1075900013B12068FFF784FE637B28462BB1FFF709
:1075A00077FE206020B9A060E3E7FFF73DFEF8E733
:1075B000A560206805F11F01012621F01F01386038
:1075C000FFF78EFF2673D4E710B5044640B100687C
:1075D000884205D1606808B1FAF722FC00232373C2
:1075E00010BD0000F8B50F461446054648B904F131
:1075F0001F010126386821F01F01FFF783FF304685
:10760000F8BD427B21463868FFF760FE0646002839
:10761000EDD1AB68A34210D213B12868FFF740FE4A
:107620006B7B20462BB1FFF733FE286020B9A860A2
:10763000E5E7FFF7F9FDF8E7AC60396819B12246D4
:107640002868FAF7EDFB286804F11F01012621F0F4
:107650001F013860FFF756FF2E73D0E720B1036893
:107660008B4204BF0023037370470000034B1A686A
:107670001AB9034AD2F8D0241A607047585C002027
:107680000040025808B5FFF7F1FF024B1868C0F33D
:10769000806008BD585C0020EFF30983054968331A
:1076A0004A6B22F001024A6383F30988002383F3C3
:1076B0001188704700EF00E0302080F3118862B637
:1076C0000D4B0E4AD96821F4E0610904090C0A4304
:1076D0000B49DA60D3F8FC2042F08072C3F8FC203A
:1076E000084AC2F8B01F116841F001011160202260
:1076F000DA7783F82200704700ED00E00003FA0516
:1077000055CEACC5001000E0302310B583F31188CE
:107710000E4B5B6813F4006314D0F1EE103AEFF3F4
:1077200009844FF08073683CE361094BDB6B23668F
:1077300084F30988FEF7C8FE10B1064BA36110BDA3
:10774000054BFBE783F31188F9E700BF00ED00E08C
:1077500000EF00E02F0400083204000870B5BFF30A
:107760004F8FBFF36F8F1A4A0021C2F85012BFF338
:107770004F8FBFF36F8F536943F400335361BFF3EF
:107780004F8FBFF36F8FC2F88410BFF34F8FD2F8C3
:10779000803043F6E074C3F3C900C3F34E335B019A
:1077A00003EA0406014646EA81750139C2F86052CF
:1077B000F9D2203B13F1200FF2D1BFF34F8F536961
:1077C00043F480335361BFF34F8FBFF36F8F70BDAE
:1077D00000ED00E0FEE70000214B2248224A70B590
:1077E000904237D3214BC11EDA1C121A22F0030239
:1077F0008B4238BF00220021FAF738FB1C4A0023D5
:10780000C2F88430BFF34F8FD2F8803043F6E07473
:10781000C3F3C900C3F34E335B0103EA0406014618
:1078200046EA81750139C2F86C52F9D2203B13F156
:10783000200FF2D1BFF34F8FBFF36F8FBFF34F8F86
:10784000BFF36F8F0023C2F85032BFF34F8FBFF3E7
:107850006F8F70BD53F8041B40F8041BC0E700BFD6
:107860007C9C0008545E0020545E0020545E002082
:1078700000ED00E0074BD3F8D81021EA0001C3F86F
:10788000D810D3F8002122EA0002C3F80021D3F86F
:10789000003170470044025870B5D0E924430022FB
:1078A0004FF0FF359E6804EB42135101D3F80009F5
:1078B000002805DAD3F8000940F08040C3F8000939
:1078C000D3F8000B002805DAD3F8000B40F0804015
:1078D000C3F8000B013263189642C3F80859C3F885
:1078E000085BE0D24FF00113C4F81C3870BD0000F3
:1078F000890141F02001016103699B06FCD412203B
:10790000FEF72CBE10B50A4C2046FEF7C7FA094B0D
:10791000C4F89030084BC4F89430084C2046FEF769
:10792000BDFA074BC4F89030064BC4F8943010BD34
:107930005C5C002000000840B89B0008F85C002058
:1079400000000440C49B000870B503780546012B75
:107950005CD1434BD0F89040984258D1414B0E2116
:107960006520D3F8D82042F00062C3F8D820D3F8BD
:10797000002142F00062C3F80021D3F80021D3F8BF
:10798000802042F00062C3F88020D3F8802022F0EB
:107990000062C3F88020D3F88030FDF7C3FC324B7F
:1079A000E360324BC4F800380023D5F89060C4F887
:1079B000003EC02323604FF40413A3633369002BFC
:1079C000FCDA01230C203361FEF7C8FD3369DB07C5
:1079D000FCD41220FEF7C2FD3369002BFCDA00262E
:1079E0002846A660FFF758FF6B68C4F81068DB688C
:1079F000C4F81468C4F81C6883BB1D4BA3614FF026
:107A0000FF336361A36843F00103A36070BD194BAA
:107A10009842C9D1134B4FF08060D3F8D82042F080
:107A20000072C3F8D820D3F8002142F00072C3F8E6
:107A30000021D3F80021D3F8802042F00072C3F86F
:107A40008020D3F8802022F00072C3F88020D3F881
:107A50008030FFF70FFF0E214D209EE7064BCDE74C
:107A60005C5C0020004402584014004003002002E7
:107A7000003C30C0F85C0020083C30C0F8B5D0F8BD
:107A80009040054600214FF000662046FFF730FF8A
:107A9000D5F8941000234FF001128F684FF0FF309B
:107AA000C4F83438C4F81C2804EB431201339F4255
:107AB000C2F80069C2F8006BC2F80809C2F8080BE6
:107AC000F2D20B68D5F89020C5F898306362102385
:107AD0001361166916F01006FBD11220FEF73EFD69
:107AE000D4F8003823F4FE63C4F80038A36943F4E3
:107AF000402343F01003A3610923C4F81038C4F8ED
:107B000014380B4BEB604FF0C043C4F8103B094BEB
:107B1000C4F8003BC4F81069C4F80039D5F89830AF
:107B200003F1100243F48013C5F89820A362F8BD56
:107B3000949B000840800010D0F8902090F88A10A4
:107B4000D2F8003823F4FE6343EA0113C2F8003888
:107B5000704700002DE9F84300EB8103D0F8905006
:107B60000C468046DA680FFA81F94801166806F07B
:107B70000306731E022B05EB41134FF0000194BF67
:107B8000B604384EC3F8101B4FF0010104F1100386
:107B900098BF06F1805601FA03F3916998BF06F584
:107BA000004600293AD0578A04F158013743490169
:107BB0006F50D5F81C180B430021C5F81C382B1842
:107BC0000127C3F81019A7405369611E9BB3138A9C
:107BD000928B9B08012A88BF5343D8F898209818A5
:107BE00042EA034301F140022146C8F898002846C2
:107BF00005EB82025360FFF77BFE08EB8900C36848
:107C00001B8A43EA845348341E4364012E51D5F83D
:107C10001C381F43C5F81C78BDE8F88305EB4917ED
:107C2000D7F8001B21F40041C7F8001BD5F81C1839
:107C300021EA0303C0E704F13F030B4A284621462B
:107C400005EB83035A60FFF753FE05EB4910D0F8AC
:107C5000003923F40043C0F80039D5F81C3823EA72
:107C60000707D7E70080001000040002D0F8942036
:107C70001268C0F89820FFF70FBE00005831D0F806
:107C8000903049015B5813F4004004D013F4001FF6
:107C90000CBF0220012070474831D0F890304901D4
:107CA0005B5813F4004004D013F4001F0CBF0220F3
:107CB0000120704700EB8101CB68196A0B681360E3
:107CC0004B6853607047000000EB810330B5DD68FE
:107CD000AA691368D36019B9402B84BF402313608D
:107CE0006B8A1468D0F890201C4402EB4110013CD0
:107CF00009B2B4FBF3F46343033323F0030343EA11
:107D0000C44343F0C043C0F8103B2B6803F00303A7
:107D1000012B0ED1D2F8083802EB411013F4807F0A
:107D2000D0F8003B14BF43F0805343F00053C0F839
:107D3000003B02EB4112D2F8003B43F00443C2F88F
:107D4000003B30BD2DE9F041D0F8906005460C466F
:107D500006EB4113D3F8087B3A07C3F8087B08D534
:107D6000D6F814381B0704D500EB8103DB685B6889
:107D70009847FA071FD5D6F81438DB071BD505EB53
:107D80008403D968CCB98B69488A5A68B2FBF0F68B
:107D900000FB16228AB91868DA6890420DD2121ACE
:107DA000C3E90024302383F3118821462846FFF7D6
:107DB0008BFF84F31188BDE8F081012303FA04F2FC
:107DC0006B8923EA02036B81CB68002BF3D0214639
:107DD0002846BDE8F041184700EB81034A0170B521
:107DE000DD68D0F890306C692668E66056BB1A44AE
:107DF0004FF40020C2F810092A6802F00302012A99
:107E00000AB20ED1D3F8080803EB421410F4807FB5
:107E1000D4F8000914BF40F0805040F00050C4F87E
:107E2000000903EB4212D2F8000940F00440C2F806
:107E300000090122D3F8340802FA01F10143C3F822
:107E4000341870BD19B9402E84BF402020602068CE
:107E50001A442E8A8419013CB4FBF6F440EAC4406B
:107E600040F00050C6E700002DE9F843D0F89060DC
:107E700005460C464F0106EB4113D3F8088918F06C
:107E8000010FC3F808891CD0D6F81038DB0718D5C5
:107E900000EB8103D3F80CC0DCF81430D3F800E019
:107EA000DA68964530D2A2EB0E024FF000091A6054
:107EB000C3F80490302383F31188FFF78DFF89F313
:107EC000118818F0800F1DD0D6F834380126A6404E
:107ED000334217D005EB84030134D5F89050D3F822
:107EE0000CC0E4B22F44DCF8142005EB0434D2F8C3
:107EF00000E05168714514D3D5F8343823EA0606FA
:107F0000C5F83468BDE8F883012303FA01F2038958
:107F100023EA02030381DCF80830002BD1D0984714
:107F2000CFE7AEEB0103BCF81000834228BF034645
:107F3000D7F8180980B2B3EB800FE3D89068A0F1AE
:107F4000040959F8048FC4F80080A0EB090898448C
:107F5000B8F1040FF5D818440B4490605360C8E79B
:107F60002DE9F84FD0F8905004466E69AB691E4079
:107F700016F480586E6103D0BDE8F84FFDF7FEBFE0
:107F8000002E12DAD5F8003E9B0705D0D5F8003E4A
:107F900023F00303C5F8003ED5F80438204623F04B
:107FA0000103C5F80438FEF717F8370505D5204654
:107FB000FFF772FC2046FDF7FDFFB0040CD5D5F8A5
:107FC000083813F0060FEB6823F470530CBF43F42A
:107FD000105343F4A053EB6031071BD56368DB6893
:107FE0001BB9AB6923F00803AB612378052B0CD1D7
:107FF000D5F8003E9A0705D0D5F8003E23F00303DC
:10800000C5F8003E2046FDF7E7FF6368DB680BB16B
:1080100020469847F30200F1BA80B70226D5D4F87B
:10802000909000274FF0010A09EB4712D2F8003B6D
:1080300003F44023B3F5802F11D1D2F8003B002B7D
:108040000DDA62890AFA07F322EA0303638104EB7B
:108050008703DB68DB6813B1394620469847013750
:10806000D4F89430FFB29B689F42DDD9F00619D551
:10807000D4F89000026AC2F30A1702F00F0302F468
:10808000F012B2F5802F00F0CA80B2F5402F09D16E
:1080900004EB8303002200F58050DB681B6A9742E3
:1080A00040F0B0803003D5F8185835D5E90303D532
:1080B00000212046FFF746FEAA0303D501212046F2
:1080C000FFF740FE6B0303D502212046FFF73AFE7F
:1080D0002F0303D503212046FFF734FEE80203D522
:1080E00004212046FFF72EFEA90203D505212046D4
:1080F000FFF728FE6A0203D506212046FFF722FE7D
:108100002B0203D507212046FFF71CFEEF0103D504
:1081100008212046FFF716FE700340F1A780E9070B
:1081200003D500212046FFF79FFEAA0703D50121B2
:108130002046FFF799FE6B0703D502212046FFF783
:1081400093FE2F0703D503212046FFF78DFEEE0691
:1081500003D504212046FFF787FEA80603D5052195
:108160002046FFF781FE690603D506212046FFF76A
:108170007BFE2A0603D507212046FFF775FEEB0597
:1081800074D520460821BDE8F84FFFF76DBED4F83E
:1081900090904FF0000B4FF0010AD4F894305FFA42
:1081A0008BF79B689F423FF638AF09EB4713D3F834
:1081B000002902F44022B2F5802F20D1D3F8002903
:1081C000002A1CDAD3F8002942F09042C3F80029B3
:1081D000D3F80029002AFBDB3946D4F89000FFF7DA
:1081E00087FB22890AFA07F322EA0303238104EBBF
:1081F0008703DB689B6813B13946204698470BF12B
:10820000010BCAE7910701D1D0F80080072A02F1DB
:1082100001029CBF03F8018B4FEA18283FE704EBEB
:10822000830300F58050DA68D2F818C0DCF8082023
:10823000DCE9001CA1EB0C0C00218F4208D1DB68AB
:108240009B699A683A449A605A683A445A6029E7A6
:1082500011F0030F01D1D0F800808C4501F101012C
:1082600084BF02F8018B4FEA1828E6E7BDE8F88FD3
:1082700008B50348FFF774FEBDE80840FFF744BAAD
:108280005C5C002008B50348FFF76AFEBDE80840C3
:10829000FFF73ABAF85C0020D0F8903003EB4111B8
:1082A000D1F8003B43F40013C1F8003B70470000D5
:1082B000D0F8903003EB4111D1F8003943F40013AA
:1082C000C1F8003970470000D0F8903003EB41113D
:1082D000D1F8003B23F40013C1F8003B70470000C5
:1082E000D0F8903003EB4111D1F8003923F400139A
:1082F000C1F8003970470000064BD3F8DC20024378
:10830000C3F8DC20D3F804211043C3F80401D3F8E8
:10831000043170470044025808B53C4B4FF0FF3120
:10832000D3F8802062F00042C3F88020D3F8802088
:1083300002F00042C3F88020D3F88020D3F88420D4
:10834000C3F88410D3F884200022C3F88420D3F823
:108350008400D86F40F0FF4040F4FF0040F4DF405D
:1083600040F07F00D867D86F20F0FF4020F4FF0076
:1083700020F4DF4020F07F00D867D86FD3F8880062
:108380006FEA40506FEA5050C3F88800D3F8880075
:10839000C0F30A00C3F88800D3F88800D3F890002F
:1083A000C3F89010D3F89000C3F89020D3F8900051
:1083B000D3F89400C3F89410D3F89400C3F8942031
:1083C000D3F89400D3F89800C3F89810D3F8980025
:1083D000C3F89820D3F89800D3F88C00C3F88C1019
:1083E000D3F88C00C3F88C20D3F88C00D3F89C0011
:1083F000C3F89C10D3F89C10C3F89C20D3F89C3091
:10840000FCF7A8FABDE8084000F0C2B900440258E1
:1084100008B50122534BC3F80821534BD3F8F4207D
:1084200042F00202C3F8F420D3F81C2142F0020209
:10843000C3F81C210222D3F81C314C4BDA605A6875
:108440009104FCD54A4A1A6001229A60494ADA60CE
:1084500000221A614FF440429A61444B9A69920497
:10846000FCD51A6842F480721A603F4B1A6F12F4FE
:10847000407F04D04FF480321A6700221A671A68CE
:1084800042F001021A60384B1A685007FCD50022EE
:108490001A611A6912F03802FBD1012119604FF0FC
:1084A000804159605A67344ADA62344A1A611A685C
:1084B00042F480321A602C4B1A689103FCD51A687A
:1084C00042F480521A601A689204FCD52C4A2D4955
:1084D0009A6200225A63196301F57C01DA6301F2A2
:1084E000E71199635A64284A1A64284ADA621A68BA
:1084F00042F0A8521A601C4B1A6802F02852B2F1DE
:10850000285FF9D148229A614FF48862DA614022EB
:108510001A621F4ADA641F4A1A651F4A5A651F4ABF
:108520009A6532231E4A1360136803F00F03022B6F
:10853000FAD10D4A136943F003031361136903F081
:108540003803182BFAD14FF00050FFF7D5FE4FF04B
:108550008040FFF7D1FE4FF00040BDE80840FFF734
:10856000CBBE00BF008000510044025800480258B2
:1085700000C000F0020000010000FF010088900828
:108580001210200063020901470E0508DD0BBF0130
:1085900020000020000001100910E000000101107F
:1085A000002000524FF0B04208B5D2F8883003F0F6
:1085B0000103C2F8883023B1044A13680BB1506834
:1085C0009847BDE80840FFF79FB800BFD45D002082
:1085D0004FF0B04208B5D2F8883003F00203C2F879
:1085E000883023B1044A93680BB1D0689847BDE83E
:1085F0000840FFF789B800BFD45D00204FF0B042BB
:1086000008B5D2F8883003F00403C2F8883023B1EB
:10861000044A13690BB150699847BDE80840FFF759
:1086200073B800BFD45D00204FF0B04208B5D2F857
:10863000883003F00803C2F8883023B1044A9369F4
:108640000BB1D0699847BDE80840FFF75DB800BF9F
:10865000D45D00204FF0B04208B5D2F8883003F066
:108660001003C2F8883023B1044A136A0BB1506A70
:108670009847BDE80840FFF747B800BFD45D002029
:108680004FF0B04310B5D3F8884004F47872C3F8C3
:108690008820A30604D5124A936A0BB1D06A984782
:1086A000600604D50E4A136B0BB1506B9847210638
:1086B00004D50B4A936B0BB1D06B9847E20504D5F8
:1086C000074A136C0BB1506C9847A30504D5044AB4
:1086D000936C0BB1D06C9847BDE81040FFF714B80D
:1086E000D45D00204FF0B04310B5D3F8884004F4B7
:1086F0007C42C3F88820620504D5164A136D0BB17D
:10870000506D9847230504D5124A936D0BB1D06D77
:108710009847E00404D50F4A136E0BB1506E98478A
:10872000A10404D50B4A936E0BB1D06E9847620436
:1087300004D5084A136F0BB1506F9847230404D532
:10874000044A936F0BB1D06F9847BDE81040FEF715
:10875000DBBF00BFD45D002008B50348FCF7C2FCB6
:10876000BDE80840FEF7D0BFC036002008B503487A
:10877000FCF752FDBDE80840FEF7C6BF18390020DF
:1087800008B500F0B5FCBDE80840FEF7BDBF00002D
:10879000062108B50846FCF7C5FD06210720FCF7B1
:1087A000C1FD06210820FCF7BDFD06210920FCF7CC
:1087B000B9FD06210A20FCF7B5FD06211720FCF7BC
:1087C000B1FD06212820FCF7ADFD09217A20FCF738
:1087D000A9FD09213120FCF7A5FD07213220FCF776
:1087E000A1FD0C215220BDE80840FCF79BBD000014
:1087F00008B5FFF791FD00F043FCFDF773F9FDF7B5
:1088000011F9FDF749FBFDF71BFAFEF7DDF9BDE8AD
:10881000084000F029BA000030B50433039C01720F
:10882000002104FB0325C160C0E90653049B0363D8
:10883000059BC0E90000C0E90422C0E90842C0E984
:108840000A11436330BD00000022416AC260C0E9E2
:108850000411C0E90A226FF00101FDF72BBF0000EF
:10886000D0E90432934201D1C2680AB9181D704799
:1088700000207047036919600021C2680132C2609C
:10888000C269134482699342036124BF436A03614E
:10889000FDF704BF38B504460D46E3683BB1626995
:1088A0000020131D1268A3621344E36207E0237AD9
:1088B00033B929462046FDF7E1FE0028EDDA38BD40
:1088C0006FF00100FBE70000C368C269013BC360B1
:1088D0004369134482699342436124BF436A4361FD
:1088E00000238362036B03B11847704770B53023D0
:1088F000044683F31188866A3EB9FFF7CBFF05462D
:1089000018B186F31188284670BDA36AE26A13F88D
:10891000015B9342A36202D32046FFF7D5FF0023F9
:1089200083F31188EFE700002DE9F84F04460E4667
:10893000174698464FF0300989F311880025AA465A
:10894000D4F828B0BBF1000F09D141462046FFF70B
:10895000A1FF20B18BF311882846BDE8F88FD4E938
:108960000A12A7EB050B521A934528BF9346BBF199
:10897000400F1BD9334601F1400251F8040B9142DC
:1089800043F8040BF9D1A36A403640354033A36263
:10899000D4E90A239A4202D32046FFF795FF8AF3CF
:1089A0001188BD42D8D289F31188C9E730465A46AA
:1089B000F9F736FAA36A5E445D445B44A362E7E7D5
:1089C00010B5029C0433017203FB0421C460C0E9AA
:1089D00006130023C0E90A33039B0363049BC0E929
:1089E0000000C0E90422C0E90842436310BD000052
:1089F000026A6FF00101C260426AC0E904220022EB
:108A0000C0E90A22FDF756BED0E904239A4201D1FB
:108A1000C26822B9184650F8043B0B607047002327
:108A20001846FAE7C3680021C2690133C36043698D
:108A3000134482699342436124BF436A4361FDF753
:108A40002DBE000038B504460D46E3683BB12369EE
:108A500000201A1DA262E2691344E36207E0237A50
:108A600033B929462046FDF709FE0028EDDA38BD66
:108A70006FF00100FBE7000003691960C268013A6A
:108A8000C260C269134482699342036124BF436A8E
:108A9000036100238362036B03B118477047000032
:108AA00070B530230D460446114683F31188866A5B
:108AB0002EB9FFF7C7FF10B186F3118870BDA36A06
:108AC0001D70A36AE26A01339342A36204D3E16991
:108AD00020460439FFF7D0FF002080F31188EDE72E
:108AE0002DE9F84F04460D46904699464FF0300A5E
:108AF0008AF311880026B346A76A4FB94946204633
:108B0000FFF7A0FF20B187F311883046BDE8F88F4A
:108B1000D4E90A073A1AA8EB0607974228BF174676
:108B2000402F1BD905F1400355F8042B9D4240F816
:108B3000042BF9D1A36A40364033A362D4E90A2357
:108B40009A4204D3E16920460439FFF795FF8BF37D
:108B500011884645D9D28AF31188CDE729463A468D
:108B6000F9F75EF9A36A3D443E443B44A362E5E75E
:108B7000D0E904239A4217D1C3689BB1836A8BB1B1
:108B8000043B9B1A0ED01360C368013BC360C369EA
:108B90001A4483699A42026124BF436A0361002335
:108BA00083620123184670470023FBE701F01F038F
:108BB000F0B502F01F0456095A1C0123B6EB511FF1
:108BC00050F8265003FA02F34FEA511703F1FF332E
:108BD0003DBF50F82720C4F12000134003EA0500F0
:108BE0003BBF03FA00F225FA04F0E0401043F0BD69
:108BF00070B57E227F210546FFF7D8FF18B1012806
:108C000019D0002070BD3E2249212846FFF7CEFF33
:108C10002F22044631212846FFF7C8FF06460134BB
:108C20005022023653212846B440FFF7BFFF0938CF
:108C300004FA00F0E6E7302245212846FFF7B6FFA8
:108C400001308002DEE7000090F8D63090F8D7209F
:108C50001B0403EB026390F8D42090F8D500134472
:108C600003EB00207047000000F018BA014B586A6F
:108C7000704700BF000C0040034B002258631A618C
:108C80000222DA60704700BF000C0040014B002256
:108C9000DA607047000C0040014B5863704700BF1A
:108CA000000C0040024B034A1A60034A5A607047A6
:108CB000AC5D0020585E002000000220074B4942B6
:108CC00010B55C68201A08401968821A8A4203D3DA
:108CD000A24201D85A6010BD0020FCE7AC5D002024
:108CE00008B5302383F31188FFF7E8FF002383F3EF
:108CF000118808BD0448054B03600023C0E9013317
:108D00000C3000F017B900BFB45D0020E18C000802
:108D1000CB1D083A23F00703591A521A10B4D2088F
:108D20000024C0E9004384600C301C605A605DF888
:108D3000044B00F0FFB800002DE9F74F364FCD1D72
:108D40008846002818BF0746082A4FEAD50538BFCD
:108D5000082207F10C003C1D9146019000F02CF90F
:108D6000019809F10701C9F1000E2246246864B98F
:108D700000F02CF93B68CBB308224946E80098473D
:108D8000044698B340E9027830E004EB010CD4F8D3
:108D900004A00CEA0E0C0AF10106ACF1080304EB86
:108DA000C6069E42E1D9A6EB0C0CB5EBEC0F4FEAE0
:108DB000EC0BDAD89C421DD204F10802AB45A3EBC0
:108DC00002024FEAE202626009D9691CED4303EB3B
:108DD000C1025D445560256843F8315022601C464D
:108DE000C3F8048044F8087B00F0F0F8204603B094
:108DF000BDE8F08FAA45216802D111602346EEE755
:108E0000013504EBC50344F8351003F10801761A67
:108E1000F6105E601360F1E7B45D002073B50446A0
:108E2000A0F1080550F8080C54F8043C061D0C305D
:108E300007330190DB0844F8043C00F0BDF83346EA
:108E400001989E421A6801D0AB4228D20AB19542DD
:108E500025D244F8082C54F8042C1D60013254F833
:108E6000081C05EBC206B14206D14E68324444F8F4
:108E7000042C0A6844F8082C5E68711C03EBC101DD
:108E80008D4207D154F8042C013232445A6054F810
:108E9000082C1A6002B0BDE8704000F097B8134685
:108EA000CFE70000FEE7000070B51E4B002504462A
:108EB00086B058600E4605638163FEF7FDFB04F142
:108EC0002803A5606563C4E90A3304F11003C4E90B
:108ED00004334FF0FF33C4E90044C4E90635FFF71B
:108EE000C5FE2B46024604F13C012046C4E9082396
:108EF00080230D4A6567FDF73BFB7368E0600B4A12
:108F000003620123009280F824306846F2680192DF
:108F10003269CDE90223064BCDE90435FDF75CFB50
:108F200006B070BD30400020D89B0008D09B0008E0
:108F3000A58E00080023C0E900008360036170472C
:108F400070B51C4B05468468DE685CB3B44213D12F
:108F500003690133036170BDA36094F8243083B1C9
:108F6000062B15D1A06A2146D4E9003213605A605D
:108F7000FDF76AFAA36A9C68B368A2689A42EBD3C9
:108F800006E0D4E90032204613605A60FDF76CFA1F
:108F900028463146FDF758FAB5620620BDE8704014
:108FA000FDF764BA0369866001330361336BC36004
:108FB0003063D0E7883D002008B5302383F3118863
:108FC000FFF7BEFF002383F3118808BD194BD96852
:108FD00083688B4210B520D1302383F31188026956
:108FE000013A0261B2B90468C368A0420B631ED0A3
:108FF0004A6B9BB901238A60036103681A680260A7
:1090000050601A6B8360C26018631846FDF72CFA33
:10901000FDF77CFA002383F3118810BD1C68A3427E
:1090200003D0A468A24238BF2246DB68E1E7826031
:10903000F0E700BF883D0020024A536B184350639D
:10904000704700BF883D002038B5EFF311859DB90A
:10905000EFF30584C4F30804302334B183F311889B
:10906000FDF760FC85F3118838BD83F31188FDF7A7
:1090700059FC84F3118838BDBDE83840FDF752BC77
:109080000023054A19460133102BC2E9001102F1F1
:109090000802F8D1704700BFD45D0020114BD3F80F
:1090A000E82042F00802C3F8E820D3F8102142F08B
:1090B0000802C3F810210C4AD3F81031D36B43F0E7
:1090C0000803D363C722094B9A624FF0FF32DA627A
:1090D00000229A615A63DA605A6001225A611A606A
:1090E000704700BF004402580010005C000C0040B4
:1090F000094A08B51169D3680B40D9B29B076FEADA
:109100000101116107D5302383F31188FDF724FA9B
:10911000002383F3118808BD000C004010B501390D
:109120000244904201D1002005E0037811F8014F7C
:10913000A34201D0181B10BD0130F2E7884210B5E0
:1091400001EB020402D98442234607D8431EA14200
:1091500008D011F8012B03F8012FF8E7024401466B
:109160008A4200D110BD13F8014D02F8014DF7E716
:10917000C9B2034610F8012B1AB18A42F9D1184638
:109180007047002918BF0023F9E70000034611F8D3
:10919000012B03F8012B002AF9D1704710B50139D2
:1091A000034632B111F8014F03F8014B013A002C8C
:1091B000F7D11A440021934200D110BD03F8011BDE
:1091C000F9E700004D4435002D2D0A002F6172642F
:1091D0007570696C6F742E6162696E002F617264C4
:1091E0007570696C6F742D7665726966792E61622F
:1091F000696E002F6172647570696C6F742D666C96
:109200006173682E6162696E002F617264757069A6
:109210006C6F742D666C61736865642E6162696E33
:10922000000000000000000000000000050F000822
:10923000A10F000851110008D90F0008990F00086C
:109240000000000000000000010F0008AD0F000842
:1092500089110008FD0E0008090F000853544D3312
:109260003248373F3F3F0053544D3332483733780D
:109270002F3732780053544D3332483734332F3739
:1092800035332F373530000001105A0003105900D4
:1092900001205800032056002F000000537563631F
:1092A00065737366756C6C79206D6F756E7465642B
:1092B000205344436172642028736C6F77646F7726
:1092C0006E3D2575290A0000EB76904558464154BD
:1092D000202020004641543332202020000000008E
:1092E0002A3A3C3E7C223F7F002B2C3B3D5B5D00BD
:1092F000435545414141414345454549494941411E
:109300004592924F4F4F5555594F554F9C4F9E9FE9
:1093100041494F55A5A5A6A7A8A9AAABACADAEAF2C
:10932000B0B1B2B3B4414141B8B9BABBBCBDBEBF24
:10933000C0C1C2C3C4C54141C8C9CACBCCCDCECFC0
:10934000D1D145454549494949D9DADBDCDD49DF19
:109350004FE14F4F4F4FE6E8E85555555959EEEF5D
:10936000F0F1F2F3F4F5F6F7F8F9FAFBFCFDFEFF85
:1093700001030507090E10121416181C1E00000028
:1093800061001A03E0001703F8000703FF00010063
:1093900078010001300132010601390110014A0152
:1093A0002E017901060180014D00430281018201F5
:1093B00082018401840186018701870189018A0174
:1093C0008B018B018D018E018F0190019101910123
:1093D00093019401F60196019701980198013D02CD
:1093E0009B019C019D0120029F01A001A001A201FF
:1093F000A201A401A401A601A701A701A901AA0134
:10940000AB01AC01AC01AE01AF01AF01B101B201E2
:10941000B301B301B501B501B701B801B801BA0193
:10942000BB01BC01BC01BE01F701C001C101C20109
:10943000C301C401C501C401C701C801C701CA01F4
:10944000CB01CA01CD011001DD0101008E01DE0159
:109450001201F3010300F101F401F401F801280104
:10946000220212013A020900652C3B023B023D0236
:10947000662C3F0240024102410246020A015302A9
:10948000400081018601550289018A0158028F013D
:109490005A0290015C025D025E025F02930161026A
:1094A00062029401640265026602670297019601F6
:1094B0006A02622C6C026D026E029C0170027102E3
:1094C0009D01730274029F0176027702780279028D
:1094D0007A027B027C02642C7E027F02A60181025A
:1094E0008202A9018402850286028702AE0144023B
:1094F000B101B20145028D028E028F0290029102EB
:10950000B7017B030300FD03FE03FF03AC0304006C
:109510008603880389038A03B1031103C20302008F
:10952000A303A303C4030803CC0303008C038E032B
:109530008F03D8031801F2030A00F903F303F403BD
:10954000F503F603F703F703F903FA03FA0330040C
:10955000200350041007600422018A043601C1046C
:109560000E01CF040100C004D004440161052604AB
:10957000000000007D1D0100632C001E9601A01E4E
:109580005A01001F0806101F0606201F0806301F7C
:109590000806401F0606511F0700591F521F5B1F78
:1095A000541F5D1F561F5F1F601F0806701F0E00AF
:1095B000BA1FBB1FC81FC91FCA1FCB1FDA1FDB1F63
:1095C000F81FF91FEA1FEB1FFA1FFB1F801F080679
:1095D000901F0806A01F0806B01F0400B81FB91F7F
:1095E000B21FBC1FCC1F0100C31FD01F0206E01F0B
:1095F0000206E51F0100EC1FF31F0100FC1F4E21B6
:109600000100322170211002842101008321D02425
:109610001A05302C2F04602C0201672C0601752CD2
:109620000201802C6401002D260841FF1A0300006E
:10963000C700FC00E900E200E400E000E500E7000C
:10964000EA00EB00E800EF00EE00EC00C400C5000B
:10965000C900E600C600F400F600F200FB00F900C5
:10966000FF00D600DC00F800A300D800D70092016C
:10967000E100ED00F300FA00F100D100AA00BA0009
:10968000BF00AE00AC00BD00BC00A100AB00BB0041
:1096900091259225932502252425C100C200C000F2
:1096A000A9006325512557255D25A200A500102599
:1096B000142534252C251C2500253C25E300C3005A
:1096C0005A25542569256625602550256C25A4005A
:1096D000F000D000CA00CB00C8003101CD00CE00A0
:1096E000CF0018250C2588258425A600CC008025D0
:1096F000D300DF00D400D200F500D500B500FE0095
:10970000DE00DA00DB00D900FD00DD00AF00B400B0
:10971000AD00B1001720BE00B600A700F700B800EA
:10972000B000A800B700B900B300B200A025A000A7
:1097300010000240080002400008024000000B0038
:1097400028000240080002400408024006010C0004
:1097500040000240080002400808024010020D00CC
:1097600058000240080002400C08024016030E0098
:10977000700002400C0002401008024000040F007C
:10978000880002400C000240140802400605100048
:10979000A00002400C000240180802401006110010
:1097A000B80002400C0002401C08024016072F00BF
:1097B000100402400804024020080240000838005B
:1097C0002804024008040240240802400609390027
:1097D000400402400804024028080240100A3A00EF
:1097E00058040240080402402C080240160B3B00BB
:1097F000700402400C04024030080240000C3C009F
:10980000880402400C04024034080240060D440063
:10981000A00402400C04024038080240100E45002B
:10982000B80402400C0402403C080240160F4600F7
:109830000100000000000000009600000000000091
:109840000000000000000000000000000000000018
:1098500000000000C16B0008C56B0008B956000885
:10986000F15900084D560008755600089D5600082D
:109870003556000800000000A55A0008915A00085B
:10988000CD5A0008B95A0008C55A0008B15A000854
:109890009D5A0008895A0008D95A000800000000A3
:1098A000BD5B0008A95B0008E55B0008D15B000810
:1098B000DD5B0008C95B0008B55B0008A15B000820
:1098C000F15B000800000000010000000000000043
:1098D00063300000D0980008000000000000000085
:1098E000003E0020304000200000802A00000000E0
:1098F000AAAAAAAA00000024FFFF0000000000009E
:1099000000A00A000000000000000000AAAAAAAA05
:1099100000000000FFFF0000000000000000000049
:109920000000AA4200000000AAAAAAAA000055400E
:10993000FFFF000000000000CCCC0C002000100055
:1099400000000000AAAAAAAA10000000FFFB000065
:10995000000C000000000000008006000000000075
:10996000AAAAAAAA00400100FFFD000000000070A2
:10997000070000000000000000000000AAAAAAAA38
:1099800000000000FFFF00000000000000000000D9
:109990000000000000000000AAAAAAAA000000001F
:1099A000FFFF0000000000000000000000000000B9
:1099B00000000000AAAAAAAA00000000FFFF000001
:1099C0000000000000000000000000000000000097
:1099D000AAAAAAAA00000000FFFF000000000000E1
:1099E000000000000000000000000000AAAAAAAACF
:1099F00000000000FFFF0000000000000000000069
:109A00000000000000000000AAAAAAAA00000000AE
:109A1000FFFF0000000000000000000041726475BC
:109A200050696C6F740025424F415244252D424CC1
:109A3000002553455249414C25000000020000001A
:109A400000000000DD5D00084D5E000840004000A1
:109A5000E0580020F0580020020000000000000044
:109A60000300000000000000955E000800000000F8
:109A7000100000000059002000000000010000005C
:109A8000000000005C5C002001010200BD6C0008C9
:109A9000CD6B0008696C00084D6C000843000000A5
:109AA000A49A000809024300020100C03209040020
:109AB000000102020100052400100105240100013B
:109AC000042402020524060001070582030800FFA2
:109AD00009040100020A000000070501024000001D
:109AE000070581024000000012000000F09A000803
:109AF0001201100102000040091241570002010248
:109B0000030100000403090425424F41524425008B
:109B1000526F74726F6E48373433426173696300F9
:109B20003031323334353637383941424344454693
:109B30000000000000000020000002000200000001
:109B400000000030000004000800000000000024B5
:109B500000000800040000000004000000FC0000F9
:109B60000200000000000430008000000800000037
:109B70000000003800000100010000001F1C1F1E33
:109B80001F1E1F1F1E1F1E1F1F1D1F1E1F1E1F1FEC
:109B90001E1F1E1F00000000F15F0008A9620008E0
:109BA0005563000840004000945D0020945D002053
:109BB00001000000A45D00208000000040010000C2
:109BC0000800000000010000001000000800000074
:109BD00069646C65000000006D61696E002C0438DA
:109BE000040438080C10141C202425260000000052
:109BF000000064040100040000000000000C0010DC
:109C0000283034006468FF7F01000000000000007D
:109C1000EA0B00000000000000001A000000000035
:109C2000FF0000003840002018390020000000002C
:109C30005C92000883040000679200085004000052
:109C4000759200080100000000000000009600006E
:109C5000000008009600000000080000040000005A
:109C6000049B00080000000000000000000000004D
:0C9C7000000000000000000000000000E8
:00000001FF
